time_s,command_vx,command_vy,command_wz,actual_vx,actual_vy,actual_wz,base_z,reward,terminated,episode
0.0,0.0,0.0,0.0,0.022462496284761817,-0.0025222087395828097,-0.1858318681504241,0.2776099373097961,0.041864861437738085,0,0
0.02,0.0,0.0,0.0,-0.07203441544285101,-0.01874263974829193,0.08340951481224576,0.2716376033852597,0.04282284373256302,0,0
0.04,0.0,0.0,0.0,0.04896811038707938,-0.00030501767119316825,0.14726273816607008,0.2608084640934478,0.04159766414815993,0,0
0.06,0.0,0.0,0.0,0.026012071993624774,-0.007919304572466208,-0.20432578434512624,0.24573450608521055,0.041221540066346554,0,0
0.08,0.0,0.0,0.0,0.013384375235558849,0.0970613052588588,0.2574761900619561,0.22731177964385108,0.036938421048466986,0,0
0.1,0.0,0.0,0.0,-0.05254730545113555,0.08302398707779987,-0.015946921535472062,0.2056065562462923,0.04057006382620713,0,0
0.12,0.0,0.0,0.0,-0.10227007700377654,0.08057846062984084,-0.23845036888821888,0.1809514057041249,0.03833163263768837,0,0
0.14,0.0,0.0,0.0,-0.04386929038846712,-0.06556922945981732,-0.28941189344910073,0.1574702594555962,0.03742883609929142,0,0
0.16,0.0,0.0,0.0,0.06716855948286482,-0.16189354230174052,-0.13798160652651215,0.15090316062550957,0.037152611952836576,0,0
0.18,0.0,0.0,0.0,0.13821504206781646,-0.14463636477502217,-0.23575328925978423,0.15499165483802058,0.03747075211001856,0,0
0.2,0.0,0.0,0.0,0.15154901306542648,-0.14789292295978843,1.3360522781981339,0.15916659168161196,0.02255617811642483,0,0
0.22,0.0,0.0,0.0,0.0854156176793646,-0.08929555515961254,0.5694849726088338,0.16090672004296408,0.028908279836314714,0,0
0.24,0.0,0.0,0.0,0.10414808066963932,-0.04337903100469181,-1.3697773192021385,0.16135798546349933,0.024016380536916397,0,0
0.26,0.0,0.0,0.0,0.023274165829967917,-0.054164037386720015,-0.6882654476710678,0.16332598214005467,0.02813713771144405,0,0
0.28,0.0,0.0,0.0,0.11425042975642351,-0.0666361422200292,-0.43825753117028465,0.16589349480512935,0.030163253125859026,0,0
0.3,0.0,0.0,0.0,0.04741370240781663,-0.05311843325525709,0.17685046650128897,0.16734997652200762,0.04103879916008362,0,0
0.32,0.0,0.0,0.0,0.16526291848585847,-0.08663091390166085,-0.5310892146048167,0.16569939842612055,0.026395179156935136,0,0
0.34,0.0,0.0,0.0,0.07440331677734974,-0.09167479248380307,0.30500376619850056,0.16268387681921093,0.03484361644069388,0,0
0.36,0.0,0.0,0.0,-0.0012525638311415227,-0.09755542096501221,-0.8017703977751798,0.1584349561253769,0.027742275008420993,0,0
0.38,0.0,0.0,0.0,-0.08631230293776222,-0.09328716215364184,0.178013858358935,0.15845314889375967,0.03923276729835197,0,0
0.4,0.0,0.0,0.0,-0.10683171550657704,-0.09751767702531157,0.1689475643431527,0.1623428497166067,0.039108237770801496,0,0
0.42,0.0,0.0,0.0,-0.016650955213404192,-0.08843983894403382,-0.002496490076547099,0.16509387082981786,0.04328124370599582,0,0
0.44,0.0,0.0,0.0,0.020973105689220544,-0.06804982348541018,0.9088754286200832,0.1670935468409573,0.026302270551041975,0,0
0.46,0.0,0.0,0.0,-0.06824659432062966,0.014032468639026383,-0.09877482572761605,0.1678881447394066,0.04126927940227475,0,0
0.48,0.0,0.0,0.0,-0.03453470926633321,0.015012803782177248,-0.5109871808406171,0.1668861837639341,0.03300273754986035,0,0
0.5,0.0,0.0,0.0,-0.04714135032442575,-0.0933295762144275,-0.5393164548790991,0.16382485301290037,0.03071588047568187,0,0
0.52,0.0,0.0,0.0,-0.04381998095810194,-0.05841655914030703,0.7165764545217976,0.16193325202161354,0.02907491643313262,0,0
0.54,0.0,0.0,0.0,0.06118122787410307,-0.0312988247906382,-0.34908136273699586,0.1614682187653336,0.03678486117204582,0,0
0.56,0.0,0.0,0.0,0.05704107989129634,-0.040679415756905125,0.1811699727484961,0.16070853420250206,0.03974604246970461,0,0
0.58,0.0,0.0,0.0,-0.003936528118420749,-0.014329443735856224,-0.5440043248828283,0.15733817470230319,0.032465695696616274,0,0
0.6,0.0,0.0,0.0,-0.01309139662559069,-0.03955938842996924,0.10146177020724395,0.15558984770457904,0.04236883928560274,0,0
0.62,0.0,0.0,0.0,-0.06303548645082677,0.010812830787934498,-0.3676227022189694,0.16018440803826253,0.033826460866331585,0,0
0.64,0.0,0.0,0.0,0.014601701582466804,-0.025842843486285835,-0.09570228584516824,0.16467021877058177,0.04099572369094563,0,0
0.66,0.0,0.0,0.0,-0.05070781159158169,-0.023953191802973218,0.3252181079389303,0.16697500613076383,0.03816201503234593,0,0
0.68,0.0,0.0,0.0,0.06629582641462407,-0.06091624377215402,0.184673393959946,0.16605056767450152,0.039075159335758024,0,0
0.7000000000000001,0.0,0.0,0.0,-0.018141092906544726,-0.02033275164063906,0.13968886757630786,0.1637062669129104,0.03937092548335432,0,0
0.72,0.0,0.0,0.0,-0.09102411831331063,-0.024564028698433257,-0.34863043191405774,0.15962934356895703,0.03679444051592261,0,0
0.74,0.0,0.0,0.0,-0.14923425655853076,-0.03301981082662168,-0.038746988214030866,0.15924000845194314,0.04008187026945947,0,0
0.76,0.0,0.0,0.0,-0.12267347882141005,-0.06377631748162409,0.3496246406817211,0.1615029088102122,0.033962105729199284,0,0
0.78,0.0,0.0,0.0,-0.04745345092071751,-0.033332673445705716,-0.18117609900865028,0.16466907948843304,0.04212003391346582,0,0
0.8,0.0,0.0,0.0,-0.07003093605794303,0.00244014075326098,0.010535972219814406,0.16647441651255807,0.04095542352746036,0,0
0.8200000000000001,0.0,0.0,0.0,-0.15847566968073812,0.06313781383769049,-0.705772013640604,0.16642899374163056,0.026560686981347274,0,0
0.84,0.0,0.0,0.0,-0.1506913600317656,0.03138390897621637,-0.523001109022981,0.16464734832408828,0.03039736978897985,0,0
0.86,0.0,0.0,0.0,-0.1500839815070779,-0.019352424221178506,-1.2976117552319628,0.16300163240638152,0.024045352970446413,0,0
0.88,0.0,0.0,0.0,-0.1556989489591903,-0.0167289523776403,0.2794908508886935,0.16361918728769737,0.03539146935448395,0,0
0.9,0.0,0.0,0.0,-0.07338378578942316,-0.030470243441915866,-0.5066035272904585,0.16328759312867028,0.033000231687337275,0,0
0.92,0.0,0.0,0.0,0.000542644069275658,-0.052712676000948644,0.5833929421207639,0.16278336735362248,0.030733388028923017,0,0
0.9400000000000001,0.0,0.0,0.0,-0.05033607023028726,-0.026218547186283886,0.04959578552715256,0.16051431502803798,0.0422891840152312,0,0
0.96,0.0,0.0,0.0,-0.10789683498938801,-0.043321092702936256,0.001754134926595831,0.1577193928950361,0.04228593692501645,0,0
0.98,0.0,0.0,0.0,-0.13241054773022717,0.002587596349437601,-0.4607362219890654,0.15897874091866182,0.031225578714771156,0,0
1.0,0.0,0.0,0.0,-0.05453774386286639,-0.027792774266780517,-0.21301842061242796,0.16044291809420905,0.03896212167753508,0,0
1.02,0.0,0.0,0.0,-0.14380645058587418,-0.016332316511097573,0.3037887030040191,0.16291153798097296,0.03703602279325396,0,0
1.04,0.0,0.0,0.0,-0.02008534868808167,-0.02193857027135043,0.697605914174196,0.163984335590107,0.02972898066518811,0,0
1.06,0.0,0.0,0.0,-0.11180398953019723,0.01341550634354367,0.6723300005491013,0.16334180245180252,0.02723458159624111,0,0
1.08,0.0,0.0,0.0,-0.14710822750768568,0.06322644748302378,0.23016011814038378,0.16042053087554273,0.03708618826888184,0,0
1.1,0.0,0.0,0.0,-0.1775752252980171,0.023599451384893597,0.315509298941064,0.15958049891540182,0.03398462357072661,0,0
1.12,0.0,0.0,0.0,-0.08493749894579557,0.022403266020150144,0.001664144204830389,0.16066544245533967,0.04140116487570895,0,0
1.1400000000000001,0.0,0.0,0.0,-0.03702519536332365,-0.013376423684630101,0.11176612811819939,0.15996434302731655,0.04318654834944888,0,0
1.16,0.0,0.0,0.0,0.010017062863787621,0.0102335223047974,0.8031089362039556,0.15883116835405628,0.027072608284675434,0,0
1.18,0.0,0.0,0.0,-0.04044646007843014,0.01344559220712175,0.4363243393001062,0.16015117066469908,0.034425745311406415,0,0
1.2,0.0,0.0,0.0,-0.014587154481329918,0.017135246156429744,-0.5365892938487056,0.16036855821528467,0.032369179357927165,0,0
1.22,0.0,0.0,0.0,-0.07564421382189473,-0.010493795261796213,-1.0065695226788718,0.16198768271593486,0.026457997960039774,0,0
1.24,0.0,0.0,0.0,0.049051694907068344,0.02473846238575819,-0.9395520116968459,0.16442312352070465,0.026991610531416618,0,0
1.26,0.0,0.0,0.0,-0.010446974628840158,0.031027679246691177,-0.363210937975565,0.1655610062149373,0.037062230744592445,0,0
1.28,0.0,0.0,0.0,0.09549693477531816,-0.04459895899511786,-0.19300551842098956,0.16449948294296557,0.0393505251081039,0,0
1.3,0.0,0.0,0.0,0.015839665202958157,0.02085768103372183,-0.4276766213648676,0.16202032653962628,0.03361688904014426,0,0
1.32,0.0,0.0,0.0,-0.06040460862406103,-0.02072458123404722,-0.1271506441724106,0.1584356096442133,0.0427038367983012,0,0
1.34,0.0,0.0,0.0,0.0028671680492536817,-0.042877218450764275,0.5296773682136956,0.15788480717532685,0.030888027111717974,0,0
1.36,0.0,0.0,0.0,0.035793723718767136,-0.062035319840117835,0.3441536114141846,0.15829649713421964,0.03640195975290082,0,0
1.3800000000000001,0.0,0.0,0.0,0.09142165326529281,-0.04321094065550681,-0.2450269616883541,0.1611862488324003,0.04035249805988064,0,0
1.4000000000000001,0.0,0.0,0.0,0.11343670884899278,-0.01685262174203077,0.5066252538410089,0.16318235419899302,0.03103365949029622,0,0
1.42,0.0,0.0,0.0,0.03563876583832534,0.01191294680511386,0.3025292043744691,0.1629310278389258,0.038120824555942144,0,0
1.44,0.0,0.0,0.0,0.04470454798549021,0.03343485523112923,-0.5973870537253411,0.16122780814089543,0.03057615515035739,0,0
1.46,0.0,0.0,0.0,-0.017439024656114382,0.013794087983745422,-0.7350285393458169,0.1623034768703348,0.027663196517927254,0,0
1.48,0.0,0.0,0.0,0.07440123682839571,0.01094040557832944,-0.764357528425739,0.16472912672188483,0.026082578684509083,0,0
1.5,0.0,0.0,0.0,0.009171924364271293,0.01901892469181942,-0.24465409413183228,0.16587348850758094,0.04010167811357799,0,0
1.52,0.0,0.0,0.0,0.12169072710689606,-0.04131687356986268,-0.3304061315015945,0.16375110083386035,0.03476331516534637,0,0
1.54,0.0,0.0,0.0,0.03436176745725795,-0.009473643222037365,-0.3148343319240794,0.16060435185689034,0.03553433905824831,0,0
1.56,0.0,0.0,0.0,-0.06471147139376167,-0.03127184803169386,-1.0162308669346847,0.1571808563717256,0.027648604684663763,0,0
1.58,0.0,0.0,0.0,0.022018897968165228,-0.04251573183679557,0.9283152598164919,0.15635958149221857,0.025629787412527916,0,0
1.6,0.0,0.0,0.0,-0.06718827517240751,-0.02365697199775496,-0.5039618841154763,0.158925845047502,0.03190801141888344,0,0
1.62,0.0,0.0,0.0,0.014286564560306183,-0.050155300882227284,-0.24366310665469648,0.16220468960232526,0.03980191420189491,0,0
1.6400000000000001,0.0,0.0,0.0,0.04349920445035208,-0.034557164885726126,0.7450859257584781,0.1640661144405106,0.027971697877715872,0,0
1.6600000000000001,0.0,0.0,0.0,-0.03442691435946574,0.026831807663052116,0.04678332589516698,0.1640675502444083,0.04209026702504839,0,0
1.68,0.0,0.0,0.0,0.015897065380072177,0.023945371356486545,-0.6170289440293376,0.16262467080898954,0.030539304295717853,0,0
1.7,0.0,0.0,0.0,-0.03378774274391585,-0.03939014621611544,-0.41648352826666624,0.1622316328112757,0.03423297028541134,0,0
1.72,0.0,0.0,0.0,0.058974385460631,-0.018239642692073912,-0.7953591085478008,0.1628364405822143,0.026755003445584985,0,0
1.74,0.0,0.0,0.0,-0.01774805936512668,-0.011030330262938865,-0.1289829987097044,0.16294423641062114,0.042747006160482916,0,0
1.76,0.0,0.0,0.0,0.10577867970121428,-0.1041599454768476,-0.32488974587176184,0.16212289606200297,0.03447575683348186,0,0
1.78,0.0,0.0,0.0,0.031007430576906275,-0.03475204569623037,-0.2817839164525753,0.16036629006669192,0.03688783798429782,0,0
1.8,0.0,0.0,0.0,-0.04266207297685334,-0.04278938659583739,-0.08014378320082569,0.15711127839985822,0.04319319842942651,0,0
1.82,0.0,0.0,0.0,0.0383574164132909,-0.04095684200935118,1.2261550932526977,0.15683874952535073,0.024583801737090964,0,0
1.84,0.0,0.0,0.0,0.026012707406449,-0.04434820840939736,0.4680184889529311,0.15765030737774716,0.03369394021047953,0,0
1.86,0.0,0.0,0.0,0.08129892013912335,-0.05275079434680417,-0.07710877754734445,0.1597250670917323,0.04268966575111362,0,0
1.8800000000000001,0.0,0.0,0.0,0.10666130315713687,-0.03293688702091749,1.0451653084483647,0.1611440149739283,0.02541056737085542,0,0
1.9000000000000001,0.0,0.0,0.0,0.008287741417527448,0.03233327556274206,0.528295056946902,0.1612010738151612,0.03110745886722472,0,0
1.92,0.0,0.0,0.0,0.08500724796259032,0.02501160129777062,-0.6417740802625241,0.15977273938955763,0.02946711073528258,0,0
1.94,0.0,0.0,0.0,-0.031101407465572724,-0.027936681747351935,-0.06706858392834635,0.16277265139656294,0.041797447846214066,0,0
1.96,0.0,0.0,0.0,0.0635930096053538,-0.03224789632979013,-0.34870366965052413,0.16699868939266937,0.034771265929049514,0,0
1.98,0.0,0.0,0.0,0.0048523789827245945,-0.023376630215215813,-0.11824883491900044,0.16911991359899228,0.04296997929472321,0,0
2.0,0.5,0.0,0.0,0.12871833009627634,-0.03917372201544143,-0.3545306548436736,0.1677998090464229,0.02254108937181395,0,0
2.02,0.5,0.0,0.0,0.03551166982323851,-0.027031853951775483,-0.13122143590011087,0.16520885381402042,0.022749736792317763,0,0
2.04,0.5,0.0,0.0,0.08432590350134685,-0.014123335709796531,-0.1740094213800459,0.1587587837078134,0.025054285454084474,0,0
2.06,0.5,0.0,0.0,-0.04367678553206867,-0.04337222986585253,0.6067509996415514,0.15569086229969112,0.008897154381080281,0,0
2.08,0.5,0.0,0.0,-0.00016770132244736032,0.03088264732400208,-0.47082918234610627,0.15815619460458946,0.013925151024424976,0,0
2.1,0.5,0.0,0.0,0.15836440258913445,-0.009995948831117372,0.8980761921932272,0.1603788683167529,0.016350223167796617,0,0
2.12,0.5,0.0,0.0,0.18296320325308,-0.045545160236721276,0.9433454851140203,0.16135145212300175,0.016172668895555357,0,0
2.14,0.5,0.0,0.0,0.15672565176884454,0.1647188689119459,-0.8549106229298689,0.16206384472097665,0.011092705574991549,0,0
2.16,0.5,0.0,0.0,0.17128098271952172,0.09558887367865519,-0.48856071401572637,0.16060328945949873,0.01888556539813195,0,0
2.18,0.5,0.0,0.0,0.14190133490137533,0.061704550501293656,0.3131300911172708,0.15594744508494762,0.0244717480465829,0,0
2.2,0.5,0.0,0.0,0.18287183265395618,-0.0023301866358797748,-0.017119747394540964,0.15315362240770997,0.0323560747155364,0,0
2.22,0.5,0.0,0.0,0.3327044955258829,-0.03734293749220914,1.0258721833920406,0.15343437566289128,0.024969311623034167,0,0
2.24,0.5,0.0,0.0,0.3570514778724622,-0.026795659571689296,0.9670144214385462,0.1522654635963884,0.026011205082733524,0,0
2.26,0.5,0.0,0.0,0.27180167095673785,0.029072933252947724,0.22493367309730264,0.1497967366583701,0.034167212569846596,0,0
2.2800000000000002,0.5,0.0,0.0,0.311762057169405,0.007000661441487735,-0.06035474150735275,0.1475180660751853,0.03830959203788741,0,0
2.3,0.5,0.0,0.0,0.41619385997073693,-0.04159175194956667,1.126548402414107,0.1487167312349025,0.02547431687942923,0,0
2.32,0.5,0.0,0.0,0.400868205499715,-0.10574875795213419,0.28268608243612275,0.1510605489477961,0.03694421506719754,0,0
2.34,0.5,0.0,0.0,0.4676319202339255,-0.20804038772115901,1.298990961186233,0.1517898043094958,0.0198831381624637,0,0
2.36,0.5,0.0,0.0,0.43690421463819573,-0.1529442006052521,0.19706109342020206,0.15313484979540468,0.03411717445319268,0,0
2.38,0.5,0.0,0.0,0.40635716925346455,-0.11229564817928421,-1.0568969581495433,0.15500384279808688,0.02302528469786286,0,0
2.4,0.5,0.0,0.0,0.43275120032539605,-0.06869816243290205,-0.5840924182826374,0.15464715187434003,0.029739053167411655,0,0
2.42,0.5,0.0,0.0,0.445648597440895,-0.12922160499767651,0.43442121102530573,0.1523507065469802,0.031119920879375557,0,0
2.44,0.5,0.0,0.0,0.4290643394104393,-0.19908642086387643,-0.48611585765983023,0.15384816243063687,0.027527202781323354,0,0
2.46,0.5,0.0,0.0,0.5286603048249888,-0.2033551394595684,0.42176602604243835,0.15634667783414746,0.031163246369123564,0,0
2.48,0.5,0.0,0.0,0.5174282795140561,-0.1666415239983491,0.4459095840769849,0.15704013080935256,0.0316515969824594,0,0
2.5,0.5,0.0,0.0,0.4073015951107155,-0.07173737302829682,-0.6207407294907981,0.1567439720577186,0.028646599256100243,0,0
2.52,0.5,0.0,0.0,0.45665852471110424,-0.11699029378563436,0.13048611988605924,0.15395379819348423,0.038943589904866675,0,0
2.54,0.5,0.0,0.0,0.49761143812655867,-0.1416414167122948,-0.044804206662566376,0.1504210267325541,0.04018600120563547,0,0
2.56,0.5,0.0,0.0,0.4868557082911167,-0.09282061363896821,-0.02743116804026941,0.14807362298621488,0.04138857558516564,0,0
2.58,0.5,0.0,0.0,0.6024311671280527,-0.07749990828254856,1.0188440843362019,0.1501166567511106,0.026389614215574283,0,0
2.6,0.5,0.0,0.0,0.6080415600302228,-0.06231851482886403,0.8730795359749549,0.15157559958293382,0.026531040257644377,0,0
2.62,0.5,0.0,0.0,0.5702480117885235,0.04887346627979263,-1.2648075236687895,0.15168598820888468,0.025769890982931754,0,0
2.64,0.5,0.0,0.0,0.561762861326477,0.015586906597211597,-0.20128195230043094,0.14921078187465645,0.03892535712445265,0,0
2.66,0.5,0.0,0.0,0.5239688333430764,0.024713197126369952,0.26610892216059745,0.1480974859976843,0.03810297621751691,0,0
2.68,0.5,0.0,0.0,0.510888358758914,-0.018069648255126067,0.14873568044368465,0.1508283381051306,0.04101372116902618,0,0
2.7,0.5,0.0,0.0,0.5874394605039582,-0.03488723340510175,0.5844026951970585,0.15275551904181717,0.031103827989710994,0,0
2.7199999999999998,0.5,0.0,0.0,0.5606177099103299,0.048856880493991645,-0.030395790397793086,0.1517466933994021,0.04259929095405719,0,0
2.74,0.5,0.0,0.0,0.4692415067811442,0.0051234989555035675,0.35089599174036173,0.14868304364455764,0.0373507650967624,0,0
2.76,0.5,0.0,0.0,0.43536452574520546,0.012853303081785769,-1.2646882659281327,0.1472521734301468,0.026715406861200223,0,0
2.7800000000000002,0.5,0.0,0.0,0.47421183616839097,0.0716612527081128,-0.050340413725343924,0.14774103075244463,0.04054739632909861,0,0
2.8,0.5,0.0,0.0,0.4668293686592836,0.07078777979880951,-0.005524941671594957,0.1499179171352232,0.04245963548210265,0,0
2.8200000000000003,0.5,0.0,0.0,0.5601446048802051,-0.0707229791746024,0.5067638895323512,0.15203155841155838,0.03117527010422992,0,0
2.84,0.5,0.0,0.0,0.5647187641402641,0.034991550381562715,0.18795722325603903,0.15346275379111007,0.03763010402633409,0,0
2.86,0.5,0.0,0.0,0.5031276402603132,0.04845829434946551,-0.5508236358488053,0.15587772332379754,0.031229238308036474,0,0
2.88,0.5,0.0,0.0,0.45747968852355997,0.04285587914120108,-0.7852677431436544,0.15592031407063825,0.028130707739963436,0,0
2.9,0.5,0.0,0.0,0.5201204346626551,-0.007512542463915946,-0.16773277059960828,0.15358791247188144,0.04136868117356514,0,0
2.92,0.5,0.0,0.0,0.5533410278372923,-0.021974521489047976,0.020198602196070278,0.1499911850297649,0.04208131092735544,0,0
2.94,0.5,0.0,0.0,0.6270706964193329,-0.0017626162543589593,0.817868510074889,0.1491267016069909,0.02789075807555327,0,0
2.96,0.5,0.0,0.0,0.6342001210128644,0.025862726086526063,0.622209794748069,0.1492458861537269,0.028735011557291835,0,0
2.98,0.5,0.0,0.0,0.6043353305270156,0.1262053738334201,-1.309290505128028,0.14859180342160064,0.024092802464709462,0,0
3.0,0.5,0.0,0.0,0.5970061686670579,0.08370658393155933,-0.4207500877577982,0.14641251012655357,0.03287135745406191,0,0
3.02,0.5,0.0,0.0,0.5953015134880746,0.06118694272352915,0.5504815126425764,0.14494509090101887,0.02928254093695767,0,0
3.04,0.5,0.0,0.0,0.5739149721073786,0.0965583482689552,0.40271503783144924,0.14544200159416246,0.03268318942827539,0,0
3.06,0.5,0.0,0.0,0.6562427052032571,-0.04655145250948675,1.1229829316583344,0.1482167411246183,0.022323796025486474,0,0
3.08,0.5,0.0,0.0,0.6289189788482019,0.04496275583037291,0.1342152682815011,0.1523776218537182,0.0355023277941127,0,0
3.1,0.5,0.0,0.0,0.6280785763603187,0.10278381925184175,-1.2375207612312487,0.15519218482634536,0.022941587078690852,0,0
3.12,0.5,0.0,0.0,0.5723593956386394,0.07014661085228902,-0.5745739912255776,0.15592926934600337,0.028067837762334184,0,0
3.14,0.5,0.0,0.0,0.46268405366727383,0.13790257354515265,-1.5079602579326632,0.1572165400079492,0.026318600662393585,0,0
3.16,0.5,0.0,0.0,0.5739373457496512,0.13957429695867668,-0.8054838681383117,0.15787909031485056,0.024841910205414243,0,0
3.1799999999999997,0.5,0.0,0.0,0.6018483448680826,0.11333862801414693,0.42723892398010105,0.1566910491686996,0.028659614809142777,0,0
3.2,0.5,0.0,0.0,0.6700425315779904,0.10621704866063214,0.7520420948827579,0.15592230408720975,0.022987965204589074,0,0
3.2199999999999998,0.5,0.0,0.0,0.6973063321336854,0.09625888142977188,-0.650381216720493,0.15553136814516166,0.023553747945858166,0,0
3.24,0.5,0.0,0.0,0.6075194848164738,0.16462462653217158,0.2912070811439839,0.15638486327549966,0.032610198415436685,0,0
3.26,0.5,0.0,0.0,0.5272122007207831,0.13154427192961324,-0.49569924122700826,0.15562148191376335,0.03035010510059741,0,0
3.2800000000000002,0.5,0.0,0.0,0.5988452114861584,0.09516388003938515,0.3238089579852838,0.15419602177555358,0.03475770902475736,0,0
3.3,0.5,0.0,0.0,0.5931557578838277,0.12239059926813262,0.3516521603088657,0.15269889220848806,0.033438492834148625,0,0
3.3200000000000003,0.5,0.0,0.0,0.6549188998448973,-0.03459177477122295,1.0710575370836932,0.15217838407263296,0.02255589272352424,0,0
3.34,0.5,0.0,0.0,0.6877390114666385,0.03237504404916338,0.4223462673529068,0.15314626850959123,0.028202396546121104,0,0
3.3600000000000003,0.5,0.0,0.0,0.6598994678079003,-0.008744461618429199,-0.46920587965564897,0.15528067586057853,0.029261477702428883,0,0
3.38,0.5,0.0,0.0,0.640111948812226,0.051394450847439016,-0.49951423594177874,0.15485739293396028,0.029452795601216702,0,0
3.4000000000000004,0.5,0.0,0.0,0.659001254873375,0.003018030181537821,-0.21452624579853943,0.15224388020035284,0.038954844088037614,0,0
3.42,0.5,0.0,0.0,0.6705955762631285,-0.025534646406413484,0.7877332817329745,0.1489274503925087,0.02485230719160839,0,0
3.44,0.5,0.0,0.0,0.6577567107398566,-0.04207339764379814,0.4603218120918865,0.14801216690389932,0.030724235623072686,0,0
3.46,0.5,0.0,0.0,0.6655849641781373,-0.009452705149970951,0.5139192374387279,0.14829146216800956,0.028318611342962454,0,0
3.48,0.5,0.0,0.0,0.6599645960774153,-0.019691712123999863,-0.682047325679062,0.14841088510514636,0.026552525396373393,0,0
3.5,0.5,0.0,0.0,0.6613645064478059,0.0009454286702720245,0.23083349431597483,0.1484345130548812,0.03675926599852483,0,0
3.52,0.5,0.0,0.0,0.7525008815544348,0.01896787992667364,0.5906230331790018,0.14999882980231935,0.022734597519608907,0,0
3.54,0.5,0.0,0.0,0.7212216180301881,-0.007852244228981644,0.6696557231427143,0.15158608735060752,0.02432971568239074,0,0
3.56,0.5,0.0,0.0,0.7865854178584902,-0.06828606902632407,0.900388679710584,0.1509477011302355,0.017342835177078453,0,0
3.58,0.5,0.0,0.0,0.7082707325540685,0.011112843902933139,-0.618278866433799,0.14943813105887266,0.02358666319954207,0,0
3.6,0.5,0.0,0.0,0.5758550708568001,0.05887593829126703,-0.3110868444312993,0.14850812039502015,0.035413796260718174,0,0
3.62,0.5,0.0,0.0,0.6151113791684,0.05287406362077686,-0.09538442192344887,0.14837506317676472,0.03954594508804545,0,0
3.64,0.5,0.0,0.0,0.7414603176304192,-0.02561871935210329,-0.2725321726344426,0.1500444460729523,0.03220074193866801,0,0
3.66,0.5,0.0,0.0,0.7499091666799258,-0.06517398462920773,0.3176698451252753,0.15067334024605517,0.03140586497766893,0,0
3.6799999999999997,0.5,0.0,0.0,0.7369398056480659,-0.014881434907195044,0.23752006884302665,0.14855641381780768,0.035597729098409595,0,0
3.7,0.5,0.0,0.0,0.7248143583042995,-0.03968117611885335,0.42033188808031874,0.14399831032868185,0.02958275905569026,0,0
3.7199999999999998,0.5,0.0,0.0,0.7091465274179906,0.08654333827014621,-1.2808103818794345,0.13988905697393683,0.020539247673301297,0,0
3.74,0.5,0.0,0.0,0.5989081657175017,0.0730573191437718,-0.3661094255536128,0.1405331714273243,0.03341000093988876,0,0
3.76,0.5,0.0,0.0,0.6158212665264542,0.15074409460575616,-0.6416536463674718,0.14664060096990633,0.026429968660056466,0,0
3.7800000000000002,0.5,0.0,0.0,0.6809857747443258,0.06491158659743262,0.2944805818446152,0.15204180764308553,0.033700150902806834,0,0
3.8,0.5,0.0,0.0,0.6453956329359283,0.076170558760768,-0.0024787670235054664,0.15476796107994925,0.040501578783091435,0,0
3.8200000000000003,0.5,0.0,0.0,0.7129811195128203,0.003937740158948565,0.9433855124556342,0.15350835450306963,0.020210345315018783,0,0
3.84,0.5,0.0,0.0,0.6327613728070992,0.21134369445167805,-0.2251416005128774,0.14946129660387356,0.029750143980761878,0,0
3.8600000000000003,0.5,0.0,0.0,0.49844162299275013,0.21051173810120913,0.7064267160033407,0.14507737455378647,0.023521985976930854,0,0
3.88,0.5,0.0,0.0,0.5280761027105899,0.22451810925513543,0.18869556608381116,0.14358974559949886,0.031711830380842396,0,0
3.9000000000000004,0.5,0.0,0.0,0.6412206780299773,0.004662873216151015,0.24012378434033738,0.14451122721057902,0.03633340850083128,0,0
3.92,0.5,0.0,0.0,0.6562760265526608,0.05266229495486316,0.30917243596493865,0.14412183937274176,0.03397224035469731,0,0
3.94,0.5,0.0,0.0,0.6581416606301569,0.11176454627299214,-0.4331127175954739,0.14208984227244503,0.02869542526244945,0,0
3.96,0.5,0.0,0.0,0.5781807886673995,0.2205208947191852,-0.011876968511102644,0.1393522770075706,0.03591843274619065,0,0
3.98,0.5,0.0,0.0,0.40080594345225645,0.28501781609252885,-0.07468952224024095,0.14167031688157972,0.031106909337954434,0,0
4.0,0.5,0.0,0.0,0.46394270942435617,0.29167560027524275,0.6854128906243264,0.14738706482840447,0.01640488074767021,0,0
4.02,0.5,0.0,0.0,0.5562586655646945,0.22046584099522012,1.2697479694075082,0.15242605245098986,0.016128494106167415,0,0
4.04,0.5,0.0,0.0,0.5626763874607473,0.17269783385106993,1.1832929325744679,0.15526336287965734,0.0158994051951159,0,0
4.0600000000000005,0.5,0.0,0.0,0.6116913213754775,0.2146542575819295,1.0729060880136654,0.15439172875426926,0.009145777703527886,0,0
4.08,0.5,0.0,0.0,0.5890071337419365,0.36228135692376556,1.3295095741797205,0.15044839303594554,9.130084661081697e-05,0,0
4.1,0.5,0.0,0.0,0.5197155765421824,0.28412126111933833,2.5614913632770078,0.14431198916435356,0.0009071423143836942,0,0
4.12,0.5,0.0,0.0,0.54763657244247,0.27646323340406004,0.8801532859621034,0.1421155898349969,0.0,0,0
4.140000000000001,0.5,0.0,0.0,0.6478951264056322,0.24772502231179935,1.7390855590032979,0.1423841105079718,0.0,0,0
4.16,0.5,0.0,0.0,0.7026064970987078,0.2564008174414254,1.6071041250436837,0.13950274883132827,0.0,1,0
4.18,0.5,0.0,0.0,0.12174230810121633,-0.0029605172933382345,0.10748282053389771,0.27613281238589904,0.029909615297769265,0,1
4.2,0.5,0.0,0.0,-0.028260607946092912,-0.03897818295422952,0.1808543060718186,0.2692910026025388,0.020386027135443387,0,1
4.220000000000001,0.5,0.0,0.0,0.030004104767720342,-0.006855994993761347,-0.14160449100840863,0.2579972781697031,0.02324590468311782,0,1
4.24,0.5,0.0,0.0,-0.0978795512615038,0.07811345279488743,0.13788269226808444,0.24437865404903922,0.018231699289052966,0,1
4.26,0.5,0.0,0.0,-0.08640382599468631,0.03286800786611758,-0.09440768522290542,0.22652574909038428,0.01808588964768754,0,1
4.28,0.5,0.0,0.0,-0.09255622050294648,-0.04895466149534945,0.6495561956914429,0.2041074774998106,0.007908035308042634,0,1
4.300000000000001,0.5,0.0,0.0,-0.09088254926308653,-0.053116602800622054,-0.3283497214446539,0.17804943122830036,0.014358446303392298,0,1
4.32,0.5,0.0,0.0,0.10707812617625344,0.04092497222039949,-0.14730713932654696,0.15215778806546035,0.02644551093649442,0,1
4.34,0.5,0.0,0.0,0.0984676819069129,0.029155463741872695,0.038383689640578096,0.140412675361298,0.027935530391636567,0,1
4.359999999999999,0.5,0.0,0.0,0.03609011952928682,0.12572356782070568,-1.3241799539174177,0.13956524539128617,0.007477190662494693,0,1
4.38,0.5,0.0,0.0,0.20039099351668593,0.07580364702581806,-0.4846236529801703,0.1437390196988053,0.021066433390078184,0,1
4.4,0.5,0.0,0.0,0.23581439022821213,0.05606653882818995,-0.09387222146017846,0.14914640256185055,0.035066742260285236,0,1
4.42,0.5,0.0,0.0,0.35204183349510765,0.08421863981776304,0.510176514520615,0.1525099843623993,0.030244289038715347,0,1
4.4399999999999995,0.5,0.0,0.0,0.38447299158710424,0.11925956857220907,0.5306948911151131,0.15532175669561482,0.028663856410907677,0,1
4.46,0.5,0.0,0.0,0.3971372745770015,0.2631290329339289,-1.1096328360918122,0.15808786576738634,0.017424991853679846,0,1
4.48,0.5,0.0,0.0,0.2760192109581713,0.18271249730923364,-0.5771654182059455,0.16017956586125326,0.021551736710988607,0,1
4.5,0.5,0.0,0.0,0.3710663721020202,0.19953697834507308,-1.04588115658954,0.15901749013364727,0.02143298953958642,0,1
4.52,0.5,0.0,0.0,0.41423837111007084,0.1259369320637943,0.11247420338466707,0.15564393718801334,0.039821530364705086,0,1
4.54,0.5,0.0,0.0,0.3885882765498442,0.12519279563104102,0.7284535904901822,0.15198240344216174,0.024211733950397326,0,1
4.5600000000000005,0.5,0.0,0.0,0.46381805243352675,0.0763635477759734,1.1140816040895762,0.15389325453242422,0.026517202209919846,0,1
4.58,0.5,0.0,0.0,0.5109585794544101,0.12029181885603674,-0.29874277639434305,0.1573832097478916,0.03434356073581987,0,1
4.6,0.5,0.0,0.0,0.5167785556800225,0.1791394888811681,-1.2290053185479328,0.15902613525640322,0.023883996682595346,0,1
4.62,0.5,0.0,0.0,0.462693881975444,0.19233117900484448,-0.02931856466713304,0.1580069243856355,0.03810689195060777,0,1
4.640000000000001,0.5,0.0,0.0,0.41148823626444625,0.16733903504508324,-1.223944755176291,0.1577430773463345,0.02452239615043205,0,1
4.66,0.5,0.0,0.0,0.5678949773326265,0.14839221791310606,-0.11965073049401656,0.15687748034088558,0.03856525659411026,0,1
4.68,0.5,0.0,0.0,0.5419362074924923,0.13636304606438682,0.3354099856803556,0.15622225910471868,0.03493679199199959,0,1
4.7,0.5,0.0,0.0,0.630077173660091,-0.016401255193857055,0.7399499308208225,0.15573653020624972,0.025117999228821908,0,1
4.720000000000001,0.5,0.0,0.0,0.6397124570723456,0.051025703943390684,-0.27111347276910575,0.15869999365029283,0.032936446095473595,0,1
4.74,0.5,0.0,0.0,0.5186838369944405,0.062391525834969826,-0.14747998831896955,0.1623948152312975,0.04079423456825032,0,1
4.76,0.5,0.0,0.0,0.5545415381580827,0.07949453966350917,0.8166864521806331,0.16307951500646486,0.027843920764600866,0,1
4.78,0.5,0.0,0.0,0.6433629485395018,0.04335862395025737,-1.051695079531124,0.16192044226947663,0.024387779299225504,0,1
4.800000000000001,0.5,0.0,0.0,0.7407151965145922,-0.007367942273017883,0.18250453020121127,0.15799059516250916,0.03449351301613476,0,1
4.82,0.5,0.0,0.0,0.675369322730442,-0.023343246186779507,1.3448884757274777,0.15682360415453842,0.02297622609926995,0,1
4.84,0.5,0.0,0.0,0.6382558180986735,-8.523221973979195e-05,-0.8573468381848043,0.1573881655865549,0.024951196725774727,0,1
4.859999999999999,0.5,0.0,0.0,0.6630791932079211,0.05565768104388059,-0.4492587669624669,0.15823830644351766,0.02963896708029476,0,1
4.88,0.5,0.0,0.0,0.6418945810661397,0.023939012999364986,0.43689558716736127,0.1564019531493429,0.030562806870352465,0,1
4.9,0.5,0.0,0.0,0.5416111253176332,0.09507233076579198,-0.041710716771517616,0.1523697648021024,0.040993900468105124,0,1
4.92,0.5,0.0,0.0,0.6335513424990116,0.028279419057085184,1.1045127006607371,0.150977008638372,0.02310624416961307,0,1
4.9399999999999995,0.5,0.0,0.0,0.5616067327602209,-0.08216043819940975,1.0489289107131705,0.15316890022801158,0.025528261884732645,0,1
4.96,0.5,0.0,0.0,0.6554299863810341,-0.1868008644444169,1.2457407066199058,0.15515400919609051,0.019230086061342064,0,1
4.98,0.5,0.0,0.0,0.6902222427884347,0.05285007687968585,-0.9619258006756808,0.1576191630629418,0.020302173144358966,0,1
5.0,0.0,0.0,0.5,0.5404833002000675,0.020970547839026486,-0.7277522057753523,0.16074619003222557,0.00432584827544968,0,1
5.02,0.0,0.0,0.5,0.4662794449098806,0.008654864431000116,0.41324770629036117,0.16240586898280016,0.02711393701516335,0,1
5.04,0.0,0.0,0.5,0.599957912092117,0.02736199510336977,-0.795850126780189,0.16150165961982624,0.002847717754674981,0,1
5.06,0.0,0.0,0.5,0.5827066960722138,-0.02568906879086883,0.7837411903423588,0.15970435582180556,0.01669866317221953,0,1
5.08,0.0,0.0,0.5,0.48471599007978705,-0.029207293154637118,1.187664683235866,0.16197593038117838,0.011863562086958344,0,1
5.1,0.0,0.0,0.5,0.5096047096584488,-0.021892623871678823,0.5934736126265139,0.16306448260087492,0.025103803597539946,0,1
5.12,0.0,0.0,0.5,0.5318318973887127,0.0030320427358953906,1.1412618647796464,0.16277103975190682,0.00944549948386567,0,1
5.14,0.0,0.0,0.5,0.4375636478089048,0.053007160009105526,0.6383471857036517,0.1614843606378691,0.026020985164618197,0,1
5.16,0.0,0.0,0.5,0.3651359820466794,0.036869668225006466,-0.09032830340619646,0.1602283346257462,0.01907280999040902,0,1
5.18,0.0,0.0,0.5,0.30176164781589954,0.009460328496062357,-0.4101413136575628,0.16214317550585894,0.017714393521019407,0,1
5.2,0.0,0.0,0.5,0.37357886378729527,0.007121277802981887,-0.057691223069054276,0.1651352617828644,0.01678148007247215,0,1
5.22,0.0,0.0,0.5,0.2976416869931891,0.027307012960415038,0.5712997402975012,0.1677354313843236,0.034154224049124784,0,1
5.24,0.0,0.0,0.5,0.3960743751098456,-0.006405486427436947,0.09045407665257457,0.1664689777750826,0.02069585924094909,0,1
5.26,0.0,0.0,0.5,0.303342595554288,0.021201824875958477,0.5184366101786928,0.16351679303119485,0.03210527673277983,0,1
5.28,0.0,0.0,0.5,0.2299894683143509,-0.009785573745943209,-0.6192047465996393,0.15922685330637623,0.020681049302512237,0,1
5.3,0.0,0.0,0.5,0.29736818063599374,-0.01152628351196041,0.43553492533003385,0.15501902100241188,0.03226034394231529,0,1
5.32,0.0,0.0,0.5,0.23534771400565208,-0.009548400627701311,0.45802777466878447,0.15425358863585725,0.03650828406444649,0,1
5.34,0.0,0.0,0.5,0.23294322263675085,-0.0274647983474899,2.16943248532772,0.1577766023871517,0.02160045954730443,0,1
5.36,0.0,0.0,0.5,0.2511213047900437,-0.10163039360032576,1.0747578054598923,0.16036135605453106,0.02310331930227881,0,1
5.38,0.0,0.0,0.5,0.12922998472447975,-0.02256959842646751,0.9768359493178819,0.16118595240135034,0.03028207843233025,0,1
5.4,0.0,0.0,0.5,0.15915838556406195,-0.024323710426401746,0.47184511200667173,0.1594653005057219,0.04047632743764225,0,1
5.42,0.0,0.0,0.5,0.0656380001585486,-0.08612079536651346,0.8533520274881539,0.15907934842603572,0.03579070634635129,0,1
5.44,0.0,0.0,0.5,0.14838408655081597,-0.09464973714023053,0.7996826429766635,0.1605038866398574,0.0338805133771034,0,1
5.46,0.0,0.0,0.5,0.062495599616861824,-0.06542099440469971,0.8621864113533965,0.16200068586064176,0.03667085365484962,0,1
5.48,0.0,0.0,0.5,0.1860589723148167,-0.05450778901964195,0.9175860404826849,0.162515857369749,0.030462338806984835,0,1
5.5,0.0,0.0,0.5,0.0920101124080846,-0.0034667817636283016,0.6397883912732543,0.16165276897327355,0.039629640392868384,0,1
5.52,0.0,0.0,0.5,0.07340628569863113,0.005466059723017772,0.694960334327624,0.15799053993752582,0.04020748535083241,0,1
5.54,0.0,0.0,0.5,-0.04282331428940608,-0.00017123869426789176,1.139667257680063,0.15884369924697192,0.02976522438591159,0,1
5.5600000000000005,0.0,0.0,0.5,0.04245029555622152,0.024438714295692457,0.412383082330885,0.16152808077538108,0.0416815510411649,0,1
5.58,0.0,0.0,0.5,-0.017787912864841163,-0.001763867576142444,1.255526735550952,0.16293092969372214,0.029248056707357382,0,1
5.6,0.0,0.0,0.5,0.08585120091287235,0.047667974982549335,0.8448670101529787,0.16148984004594885,0.03514547349466839,0,1
5.62,0.0,0.0,0.5,-0.01343645790157224,0.09831071055673257,0.22284369014562452,0.15975810756333542,0.03596221712942256,0,1
5.64,0.0,0.0,0.5,-0.028798852044550526,0.0890690121120883,-0.3337394482132579,0.15761308453781273,0.027962592021739705,0,1
5.66,0.0,0.0,0.5,-0.09821232217719343,0.019316694401910337,0.5295639083974056,0.1592681153784126,0.04191715421845488,0,1
5.68,0.0,0.0,0.5,-0.00892915224787388,0.02296284985361754,0.21783912915530548,0.16274815096811487,0.03792339830800637,0,1
5.7,0.0,0.0,0.5,-0.08166074148135548,0.041127365736708554,0.37190570518051747,0.16492765322386976,0.0423288318240107,0,1
5.72,0.0,0.0,0.5,0.046183525749229216,0.02916146546639507,0.834760552669394,0.16447557545617156,0.037327116205516056,0,1
5.74,0.0,0.0,0.5,-0.04090122268066793,0.0792347556274315,0.4609602451624829,0.16252535886932765,0.04143535820750538,0,1
5.76,0.0,0.0,0.5,-0.08075425659320783,0.12094425926344782,0.31619821227934,0.15873768023683238,0.03967711517958747,0,1
5.78,0.0,0.0,0.5,-0.11885239285935476,0.08173044562515687,-0.4369268101708144,0.15584577719224119,0.025642262172541976,0,1
5.8,0.0,0.0,0.5,0.030024315276945372,0.012846910158322362,0.5990493301940039,0.15735332128224053,0.04098697246608349,0,1
5.82,0.0,0.0,0.5,-0.05669836391175301,0.052889776980861954,0.9115820983270961,0.15982473913964776,0.034877263817088715,0,1
5.84,0.0,0.0,0.5,0.0508700237607451,0.04859822567677044,1.3615898565437161,0.16167552836831567,0.02736703992923934,0,1
5.86,0.0,0.0,0.5,-0.04338138124951692,0.0896436634552571,0.6538762294970859,0.16211421375862667,0.03953806561134039,0,1
5.88,0.0,0.0,0.5,-0.10177990748658446,0.07607214218886449,1.3197269133718914,0.16256015427005688,0.02586816190110751,0,1
5.9,0.0,0.0,0.5,-0.06890205173210105,0.06205786233321008,0.23521881263291006,0.16072261234178192,0.03800483747565934,0,1
5.92,0.0,0.0,0.5,0.07948153661186798,0.02221176694610379,0.3182471271416635,0.16088962271332585,0.03915312810861034,0,1
5.94,0.0,0.0,0.5,0.15121074731990516,-0.02664259722606841,0.6627830712539289,0.15962425343014197,0.03940693451172464,0,1
5.96,0.0,0.0,0.5,0.11676937425403384,-0.02618441012207483,-0.07217206180179776,0.15826710006657377,0.029190093836791744,0,1
5.98,0.0,0.0,0.5,0.07055722482230707,-0.0009708602172022275,0.00871688084009636,0.15917460853310203,0.03212213835597378,0,1
6.0,0.0,0.0,0.5,-0.007543483433099277,-0.012505952137778926,0.014950311043567146,0.16035751152662953,0.0338096752065896,0,1
6.02,0.0,0.0,0.5,0.10247569318708903,0.012300133833584114,0.291847078540206,0.1630856770598398,0.035826389591366976,0,1
6.04,0.0,0.0,0.5,0.14333298543111997,-0.02225926996106822,0.4346058214397607,0.16489757936857127,0.03921874363386066,0,1
6.0600000000000005,0.0,0.0,0.5,0.08309128366631947,-0.020815173775798522,0.823507871423788,0.16558057624921604,0.037173772712964154,0,1
6.08,0.0,0.0,0.5,0.19371030602873204,-0.11755916096468011,0.36877854536540544,0.16302176790137743,0.03505347121819645,0,1
6.1,0.0,0.0,0.5,0.11133243128680607,-0.059626796573587694,0.6226089890259006,0.15959829655058913,0.037434222906791575,0,1
6.12,0.0,0.0,0.5,0.02479216630104734,-0.06676650493238499,-1.004924243359254,0.1556795350793927,0.02558988543052241,0,1
6.140000000000001,0.0,0.0,0.5,0.07229378250607985,-0.05340627231132137,1.2804365947116174,0.15363359387115563,0.02609193892654714,0,1
6.16,0.0,0.0,0.5,0.09902224821739253,-0.05502062384784088,0.839295318282848,0.15534548680260127,0.034892496878602505,0,1
6.18,0.0,0.0,0.5,0.0870632350636688,-0.04463313112868772,1.2263468829397186,0.1599106302193933,0.029447399724756664,0,1
6.2,0.0,0.0,0.5,0.11217210811019199,-0.010866729616550446,0.9635418476416829,0.16249216309631367,0.03279633986911446,0,1
6.22,0.0,0.0,0.5,0.019556261156052517,-0.013045932160360454,1.3066769249574068,0.16261668657791123,0.028149006370710345,0,1
6.24,0.0,0.0,0.5,0.06598994736835372,0.057278866797927944,0.02616776240119723,0.16011395832478387,0.032236079974376816,0,1
6.26,0.0,0.0,0.5,-0.019778669489703745,-0.015661268065788405,0.6122851137366739,0.15833477591714581,0.042497147387883995,0,1
6.28,0.0,0.0,0.5,0.07407657513965571,-0.03844403058371987,0.7307935630874807,0.15876955215892014,0.038005419533746136,0,1
6.3,0.0,0.0,0.5,-0.01968882211140512,-0.013279941698318825,0.9459253261007061,0.16016531515893367,0.0355120250697582,0,1
6.32,0.0,0.0,0.5,0.09497776782384047,0.0020852109428823725,1.0098404168814612,0.16081831630299687,0.03134551855681629,0,1
6.34,0.0,0.0,0.5,-0.0024207534354196815,0.058104851059128784,0.5637156926153055,0.15991081272206517,0.04118944681209696,0,1
6.36,0.0,0.0,0.5,0.013462911774660913,0.05490815394891982,-0.0999376551359121,0.1566124672874307,0.030450939846452207,0,1
6.38,0.0,0.0,0.5,-0.0872642118439575,-0.0009390444065223706,1.0587598377895184,0.15827793122150138,0.030462118838680663,0,1
6.4,0.0,0.0,0.5,0.003363738724150102,0.024739745783472687,0.41273531500170546,0.16198232902109622,0.04157122588199444,0,1
6.42,0.0,0.0,0.5,-0.05152910999054664,-0.022236587334332505,1.0200228940880294,0.1644368795096992,0.03236816737779495,0,1
6.4399999999999995,0.0,0.0,0.5,0.05672228101719231,0.043996203814536575,0.9197798082936343,0.1628804950375202,0.033860318026977955,0,1
6.46,0.0,0.0,0.5,-0.04711808388951434,0.0967471326491363,0.3290181038276621,0.16018655361049236,0.03825701114072176,0,1
6.48,0.0,0.0,0.5,-0.11781360553726508,0.05516432274285972,0.443079974765529,0.1579128387655008,0.04221660136608297,0,1
6.5,0.0,0.0,0.5,-0.14410989860687207,0.06035021772910329,-0.5641545559989094,0.1593711217116721,0.02477552489692837,0,1
6.52,0.0,0.0,0.5,-0.015980923138881234,0.0012957947284769975,0.33473396532026584,0.1633131876421781,0.040151627595403964,0,1
6.54,0.0,0.0,0.5,-0.08960095323826574,0.029176684872891184,0.6879693771415619,0.16602727724025024,0.04037649237675368,0,1
6.5600000000000005,0.0,0.0,0.5,-0.008880498426907598,0.021155854555356696,1.518267461857407,0.1664146124245525,0.02676276062758588,0,1
6.58,0.0,0.0,0.5,-0.08064932895860427,0.0797451649149175,0.7705616180394286,0.16543894806407894,0.03664273482055968,0,1
6.6,0.0,0.0,0.5,-0.15721160907234344,0.13563277009934582,0.42204950823175025,0.1637098626726134,0.03835070158648113,0,1
6.62,0.0,0.0,0.5,-0.13700595013272804,0.04343332359947478,-0.622955622574977,0.16238593981440905,0.02402631294184002,0,1
6.640000000000001,0.0,0.0,0.5,-0.16822360512646106,0.025668352935670855,0.8004145415455702,0.16333537578261056,0.03428407547040781,0,1
6.66,0.0,0.0,0.5,-0.08807880078554811,0.013351805100564924,-0.14902513611735985,0.16392533205372797,0.03001157302804036,0,1
6.68,0.0,0.0,0.5,-0.04881798997160432,-0.02569624781406104,1.1711544420174236,0.16338821217999486,0.029549387856853848,0,1
6.7,0.0,0.0,0.5,-0.10777115399673404,0.019620200668775522,0.4955237418972956,0.16080200384852503,0.041635428184412196,0,1
6.72,0.0,0.0,0.5,-0.1617748308241471,0.016637455132854646,0.1306185450277559,0.1577217124050721,0.033474195364080785,0,1
6.74,0.0,0.0,0.5,-0.04697581736528448,-0.025485606178663044,1.2803194241786593,0.15761161487954287,0.02654765085167831,0,1
6.76,0.0,0.0,0.5,0.003436481172471797,-0.06287434780780252,1.318404118669461,0.1576867183747697,0.027488432268051564,0,1
6.78,0.0,0.0,0.5,-0.0693138740480455,-0.006810711562233337,0.9638997033928048,0.15963308747793822,0.03469948260454854,0,1
6.8,0.0,0.0,0.5,0.0359380579524855,-0.008686140183446817,1.3761582543351027,0.16113575957845622,0.02814582987260224,0,1
6.82,0.0,0.0,0.5,-0.05573978883011343,0.028811837038809202,1.3352663879351485,0.1608156627654683,0.026413899206756134,0,1
6.84,0.0,0.0,0.5,-0.024109871070836113,0.10368605250689282,-0.005960000466151732,0.15842225538744947,0.030962458890475768,0,1
6.86,0.0,0.0,0.5,-0.0898291460489071,0.011129483800375945,0.7272150137291987,0.15836489692890413,0.03892744372215878,0,1
6.88,0.0,0.0,0.5,0.00494167260745552,-0.022080050804286478,0.8248066257108585,0.16063753103984715,0.03621159347221809,0,1
6.9,0.0,0.0,0.5,-0.07876355135598795,-0.04122394337444647,0.900985584593054,0.16256026058676704,0.03559115560050412,0,1
6.92,0.0,0.0,0.5,0.03448481782215259,-0.002800026144311342,0.7045723737830895,0.16256272679326675,0.03970653480142485,0,1
6.9399999999999995,0.0,0.0,0.5,-0.05701300718993168,0.07338579909490456,0.16158584592132036,0.16148038527118674,0.03452454314407659,0,1
6.96,0.0,0.0,0.5,-0.1258136193982999,0.06464886986711788,0.3398416097234993,0.1598398444332451,0.04021039264119347,0,1
6.98,0.0,0.0,0.5,-0.1444444534715462,0.04869676031000801,-0.22763375704987152,0.16021309020145488,0.026227940983181926,0,1
7.0,0.0,0.0,0.5,-0.018705157960745133,0.019963723655853038,0.01601827720894717,0.16285012436912416,0.032431495078116476,0,1
7.02,0.0,0.0,0.5,-0.007736040759119773,-0.005241816551128349,0.46696191535854814,0.16371068030143351,0.043704171832556094,0,1
7.04,0.0,0.0,0.5,0.04048682826463775,0.04128437001862384,0.6929888208909203,0.16196451061932665,0.0395276076577895,0,1
7.0600000000000005,0.0,0.0,0.5,-0.011624300505493708,0.02801300912171726,0.5043447557025426,0.16226638367938467,0.043225153644316346,0,1
7.08,0.0,0.0,0.5,0.016488795395212655,0.04411615812252353,-0.49693372943717573,0.16150607217011034,0.02734614229550645,0,1
7.1,0.0,0.0,0.5,-0.03238555112485075,0.02819426349795635,-0.8914704387179371,0.16192684874489696,0.026586633610695895,0,1
7.12,0.0,0.0,0.5,-0.060492868284513265,0.014181142573504902,0.594193151406272,0.16464933971146076,0.041912495268686824,0,1
7.140000000000001,0.0,0.0,0.5,0.021640612663722653,0.007943577373133899,-0.22889364202492546,0.1659568649638803,0.02975217412422006,0,1
7.16,0.0,0.0,0.5,0.08321677199506704,-0.023987928333678254,1.0109548888125774,0.16569167907630122,0.03208392505406163,0,1
7.18,0.0,0.0,0.5,0.023810029275104873,0.012837684189596688,0.3796258614761627,0.16347782571044014,0.04187803715792954,0,1
7.2,0.0,0.0,0.5,-0.04927386787968414,0.01452543066587264,0.43084606840433026,0.16007776257335424,0.04291939294660505,0,1
7.220000000000001,0.0,0.0,0.5,-0.06642657586940859,-0.029168527048419383,0.11438622755534854,0.15953973440734184,0.03469397642514551,0,1
7.24,0.0,0.0,0.5,0.013257866112737512,-0.047738553269474675,0.3665526691178518,0.16037956689251612,0.04050494823945867,0,1
7.26,0.0,0.0,0.5,-0.08810547271623664,-0.024327508587251703,0.8416840532889449,0.16228686197937361,0.03741408590602397,0,1
7.28,0.0,0.0,0.5,0.028761589398997454,-0.04252364029778373,1.4335810413367456,0.163000371514106,0.02770394620122621,0,1
7.300000000000001,0.0,0.0,0.5,-0.07475938418886065,0.00565046016986473,1.111147723425199,0.16206339156566893,0.02938136104631386,0,1
7.32,0.0,0.0,0.5,-0.08312572502970828,0.07096051954138256,0.39233963901321656,0.1586924156328296,0.04172342387671599,0,1
7.34,0.0,0.0,0.5,-0.05370388004639066,0.01377544331732888,-1.033129892908704,0.15548699614712877,0.026383056374404305,0,1
7.359999999999999,0.0,0.0,0.5,-0.0044824292613833625,-0.011157942929838413,0.8212910741025183,0.1560180181171298,0.03671601976039697,0,1
7.38,0.0,0.0,0.5,0.05583197152714779,-0.0427757298985136,0.8048372686384496,0.15674722630822507,0.0371614116310917,0,1
7.4,0.0,0.0,0.5,-0.04189359427215545,-0.0010483931683013148,0.6998736184976133,0.15840279144190433,0.041825850401210875,0,1
7.42,0.0,0.0,0.5,0.07023494739884927,0.008013585619855325,0.9352033018055307,0.15951469646602032,0.03394892696320886,0,1
7.4399999999999995,0.0,0.0,0.5,-0.030768526983812425,0.07638277397154364,0.376393942326201,0.1591217463132764,0.039749159668447394,0,1
7.46,0.0,0.0,0.5,0.007123819205688347,0.0968197683064043,-0.48019595928977066,0.15674579823322932,0.026079835611750077,0,1
7.48,0.0,0.0,0.5,-0.08078482836478336,0.013109102513099057,0.7396995523285206,0.15817574279722454,0.03867405720666586,0,1
7.5,-0.3,0.0,0.0,0.014135865020219768,0.01198337715581086,0.43014362302607895,0.16168241232136557,0.023739871304377255,0,1
7.52,-0.3,0.0,0.0,-0.05580752622202806,-0.00644868595316269,0.26417419687933547,0.1640164058512361,0.03374677343807504,0,1
7.54,-0.3,0.0,0.0,0.02388486758503675,0.018849439099677186,0.7318949052784245,0.1641464282734923,0.017255414981909575,0,1
7.56,-0.3,0.0,0.0,-0.03315592175677945,0.086361509836835,0.20868130268651067,0.1628339623672824,0.031917212291499665,0,1
7.58,-0.3,0.0,0.0,-0.10103718065803947,0.055853130638927134,0.5332179381953324,0.16089772159816215,0.028435201700444963,0,1
7.6,-0.3,0.0,0.0,-0.10223505042565832,0.041066525465710796,-0.6718835096590773,0.16137255464415232,0.02479619570848208,0,1
7.62,-0.3,0.0,0.0,-0.19868930665525195,-0.0002937493179238534,0.11872789536032072,0.1656988516414397,0.03974110334018737,0,1
7.64,-0.3,0.0,0.0,-0.06360803082425263,0.0041421322004746765,-0.4714627053996341,0.16807863460526234,0.027978153192522892,0,1
7.66,-0.3,0.0,0.0,-0.013326625740444947,-0.02767820719437146,0.3224456107368262,0.16795623840253626,0.028502162459555697,0,1
7.68,-0.3,0.0,0.0,-0.07078957827275976,0.0036775858979583085,0.3911549835832995,0.16587394757110505,0.029876998519081148,0,1
7.7,-0.3,0.0,0.0,-0.13984073178478293,0.001285112761501145,0.8060279783196007,0.1626149923389556,0.02600175056400111,0,1
7.72,-0.3,0.0,0.0,-0.12707151889788965,0.006645272850844144,-1.2487722063395355,0.16117868582804323,0.023405981231178964,0,1
7.74,-0.3,0.0,0.0,-0.283614388247505,-0.036390985893976484,0.40652078605509573,0.1627972100381899,0.034278457671758716,0,1
7.76,-0.3,0.0,0.0,-0.1522915574501736,-0.028945099850406466,-0.16254836635223163,0.16505305941140336,0.03887797965599954,0,1
7.78,-0.3,0.0,0.0,-0.14700696329579288,-0.05489018641559477,0.6324889627865037,0.1653260505632217,0.02668657798778964,0,1
7.8,-0.3,0.0,0.0,-0.21335204214573944,-0.02101997352083042,-0.14925567025575873,0.16305035778679194,0.0413768620386937,0,1
7.82,-0.3,0.0,0.0,-0.26342596853956024,-0.008991645780159051,-0.1884016262047571,0.1594859531296106,0.041099500252083525,0,1
7.84,-0.3,0.0,0.0,-0.2782755323548756,0.06564517397058203,-0.2924738420658253,0.1608228564465676,0.036093045330174725,0,1
7.86,-0.3,0.0,0.0,-0.2453160254943567,0.03392860846851203,-0.22436680832465467,0.16329793968927553,0.039093572457315706,0,1
7.88,-0.3,0.0,0.0,-0.28463310879725584,0.03472131979597478,0.34062552719171135,0.1644941478365994,0.03832338171115109,0,1
7.9,-0.3,0.0,0.0,-0.24588072955820617,0.03253351880948005,-0.021378160941190757,0.16503410544857172,0.04365976132080118,0,1
7.92,-0.3,0.0,0.0,-0.2884666747997676,0.08333439216431222,-0.19740811025895458,0.1634562563069294,0.03839441748345268,0,1
7.94,-0.3,0.0,0.0,-0.33416277782172304,0.11642449453585184,-0.42904892042370724,0.16011774639722495,0.03274697170632198,0,1
7.96,-0.3,0.0,0.0,-0.3357217233639345,0.05726674208957697,-0.07200536956110992,0.16126269374984675,0.04069590544231469,0,1
7.98,-0.3,0.0,0.0,-0.23091712406992904,0.02569731291814538,0.1824841277035442,0.16400036997067868,0.03865903165609715,0,1
8.0,-0.3,0.0,0.0,-0.3002156055417151,0.014263701087871622,0.16304188800071853,0.16548944439991506,0.0425584382748072,0,1
8.02,-0.3,0.0,0.0,-0.19405589007783045,0.009357143827298409,0.9249197446482015,0.16467981931153072,0.026247574802081508,0,1
8.04,-0.3,0.0,0.0,-0.25885021051475204,0.060888208706722395,0.5877110714207586,0.1623620863053573,0.029789794224500184,0,1
8.06,-0.3,0.0,0.0,-0.3263314290448856,0.09050877403181477,0.4248128461503569,0.15964781906820963,0.03430192270482483,0,1
8.08,-0.3,0.0,0.0,-0.3165829074002455,-0.0023371270942289008,-0.34852072681737256,0.1587530170371885,0.03628789018508704,0,1
8.1,-0.3,0.0,0.0,-0.2667230926000357,-0.020000945852130705,-0.33406998255257164,0.15917819482200396,0.036379283203650685,0,1
8.12,-0.3,0.0,0.0,-0.2966729376467571,0.012159136023597764,0.4331686771942342,0.1623995664518774,0.03566680151186289,0,1
8.14,-0.3,0.0,0.0,-0.19398062261375856,0.013570722727029099,1.2504261998869257,0.1655640606695708,0.025444912251420995,0,1
8.16,-0.3,0.0,0.0,-0.26801058453997934,0.08104577086979035,0.4291263231914894,0.16622672878239309,0.03302456954991333,0,1
8.18,-0.3,0.0,0.0,-0.24273803956294138,0.10161564138592721,-0.1912091968778159,0.16520427379131322,0.039878762733439384,0,1
8.2,-0.3,0.0,0.0,-0.2400424026032464,0.024796258515633336,-0.0252908893640816,0.1632302310085851,0.04253344422640046,0,1
8.22,-0.3,0.0,0.0,-0.18460013401660708,0.013995000290585547,0.35746506588165844,0.16270178287612816,0.03430491697938297,0,1
8.24,-0.3,0.0,0.0,-0.24978187379581474,-0.004868652049348059,0.22130659460870988,0.16248155001680006,0.041705612343648724,0,1
8.26,-0.3,0.0,0.0,-0.14160808193576493,-0.007821401872769704,1.1602945160107623,0.16253023240401468,0.023725616069401323,0,1
8.28,-0.3,0.0,0.0,-0.18826134968691924,0.08735897275541535,0.1280858141602124,0.16113488300080148,0.0391745690408323,0,1
8.3,-0.3,0.0,0.0,-0.22466252088335295,0.0574235115871177,0.013171179966199428,0.15942310704511806,0.04282312892413763,0,1
8.32,-0.3,0.0,0.0,-0.24086357308102965,0.0069571846502275965,0.09687391166204745,0.16108508778388428,0.04141729081085659,0,1
8.34,-0.3,0.0,0.0,-0.1449568470999846,-0.0016580604962064247,0.05784173521401061,0.163509214982335,0.03905467697676825,0,1
8.36,-0.3,0.0,0.0,-0.22150369677939952,0.012471294738025392,0.2314355849630085,0.16485284563777078,0.040525397674234846,0,1
8.38,-0.3,0.0,0.0,-0.10743503215783126,-0.005303274186448244,1.0938222811043699,0.1648491311572223,0.023193106228352627,0,1
8.4,-0.3,0.0,0.0,-0.17256207997364248,0.04680644990475096,0.655168029083997,0.16295553693548898,0.027321490728753357,0,1
8.42,-0.3,0.0,0.0,-0.22595155495899327,0.06859425160056502,0.5630477688315647,0.16023808371786982,0.030823506067802167,0,1
8.44,-0.3,0.0,0.0,-0.22145126929776676,-0.006420853898384654,0.13179947732971375,0.15985141252155577,0.04063487570989543,0,1
8.46,-0.3,0.0,0.0,-0.24026899669323265,-0.01671605833461271,-0.21959833464644224,0.1626268342808197,0.03932029831853522,0,1
8.48,-0.3,0.0,0.0,-0.24694534450807945,-0.003705365898018298,0.4423192819803997,0.16464734836047124,0.03455483257734803,0,1
8.5,-0.3,0.0,0.0,-0.157615310282242,-0.012452470947924675,0.6800205424608871,0.16515875571114305,0.028059951549148747,0,1
8.52,-0.3,0.0,0.0,-0.2215118358131854,0.03210301450276246,0.45734805099029735,0.1636628580311661,0.032392855432671445,0,1
8.54,-0.3,0.0,0.0,-0.27895636032725446,0.07379952652023629,0.13235319379692867,0.1604993003114817,0.0413772378394985,0,1
8.56,-0.3,0.0,0.0,-0.28432125793449053,0.013510802153206552,0.16811870582274652,0.16052427058521965,0.040342636567514224,0,1
8.58,-0.3,0.0,0.0,-0.2514278700337006,-0.0030676788365969127,0.049055306261472975,0.16310810197835807,0.041914353407809114,0,1
8.6,-0.3,0.0,0.0,-0.2735066926512069,0.006666636120369433,0.5796176646958774,0.16459034178043397,0.032027561208715485,0,1
8.620000000000001,-0.3,0.0,0.0,-0.24793655696992112,0.0178902535498071,-0.0542342725137868,0.1651354290306774,0.04335554155416481,0,1
8.64,-0.3,0.0,0.0,-0.2803173970132597,0.041639353158839494,0.11022041003569227,0.16338989757120836,0.04080925709198826,0,1
8.66,-0.3,0.0,0.0,-0.3207369609543478,0.04469176504159048,-0.17415305614137008,0.1605889575093786,0.04097290488945949,0,1
8.68,-0.3,0.0,0.0,-0.33416384746287287,0.058592645741856915,-0.664496991109072,0.1626618479310035,0.028220851538833462,0,1
8.7,-0.3,0.0,0.0,-0.19420564873013163,0.030644267004704125,-0.059061408258033236,0.1668329992769788,0.040416847571477885,0,1
8.72,-0.3,0.0,0.0,-0.24897051249938967,0.03947804539867855,0.09801306238060885,0.16921967604853186,0.04224873165448497,0,1
8.74,-0.3,0.0,0.0,-0.2766558207545394,0.0699653707643199,0.24081088846250015,0.16895860574211716,0.03902160528966007,0,1
8.76,-0.3,0.0,0.0,-0.2963846554498584,0.07662208651312023,-0.3268948228380737,0.16644215478779056,0.034973598299975026,0,1
8.78,-0.3,0.0,0.0,-0.36131546767308714,0.06571794074929187,-0.07185681748133604,0.16378189211821104,0.04211545840943714,0,1
8.8,-0.3,0.0,0.0,-0.34077486576910343,0.0007361368948273942,-1.0520205110771326,0.16289518603454312,0.026863507168182466,0,1
8.82,-0.3,0.0,0.0,-0.3771060550006342,-0.009094823739898322,0.5346779305435195,0.1626453992058918,0.031065768785381986,0,1
8.84,-0.3,0.0,0.0,-0.38961360999976963,0.014253283536511766,0.4508199057593589,0.16519546059471266,0.035279930290561604,0,1
8.86,-0.3,0.0,0.0,-0.3007610388182549,-0.006991571989087162,1.571068451609964,0.1673774082301767,0.02684183616140204,0,1
8.88,-0.3,0.0,0.0,-0.35788407653665494,0.05888644635871386,0.8395546913328162,0.16706216874090707,0.02686982598443651,0,1
8.9,-0.3,0.0,0.0,-0.41123492544816603,0.1309410430444527,0.5072654619058434,0.16477906211638937,0.029526545682359923,0,1
8.92,-0.3,0.0,0.0,-0.36521076644167233,0.05019746027561109,0.28067124813090016,0.16300178221288197,0.03698228086369965,0,1
8.94,-0.3,0.0,0.0,-0.3431250891909357,0.03076806745426715,0.01837131030618971,0.16392145778676845,0.0419267170385067,0,1
8.96,-0.3,0.0,0.0,-0.3624162876707842,0.03407180003760186,0.5517425432491706,0.16394478977809246,0.03195643400623389,0,1
8.98,-0.3,0.0,0.0,-0.3313184687747368,-0.010969148620587066,-1.1739425290323173,0.16430427346266196,0.027035691851013177,0,1
9.0,-0.3,0.0,0.0,-0.3657455046319808,0.03511122915579464,-0.8758674011792066,0.16308716233603235,0.02389868025390345,0,1
9.02,-0.3,0.0,0.0,-0.4018540730719398,0.035407277176102696,-0.6127378897379313,0.16184959825774137,0.028937203994271524,0,1
9.04,-0.3,0.0,0.0,-0.4084086491835455,-0.020528439866628428,-0.046517683810523666,0.16419571700641433,0.04015664428998882,0,1
9.06,-0.3,0.0,0.0,-0.2593696754385429,-0.009620617183292853,-0.08184627284436023,0.16829389961012042,0.04215759661947005,0,1
9.08,-0.3,0.0,0.0,-0.29279696582100656,0.0037251958421508024,0.06558492648187535,0.1702485928376276,0.0431532102269488,0,1
9.1,-0.3,0.0,0.0,-0.24570173957362498,-0.000176543891812123,0.39403335933537753,0.16920364141212743,0.03538485524034799,0,1
9.120000000000001,-0.3,0.0,0.0,-0.2902462132844629,0.030352086467864428,-0.10438587406444852,0.16654986442019729,0.04102974948972274,0,1
9.14,-0.3,0.0,0.0,-0.3578773385081084,0.061692449652263844,0.6040980318533449,0.1638068202084978,0.029644431850698056,0,1
9.16,-0.3,0.0,0.0,-0.2551565710625287,0.013544731198729454,-0.9819887759903176,0.1621845665265251,0.025047863272114036,0,1
9.18,-0.3,0.0,0.0,-0.25083734880637926,-0.005572591647602712,-0.5937984737643296,0.16217550095955732,0.029575376871853947,0,1
9.2,-0.3,0.0,0.0,-0.28780935197591967,0.01690839339314844,-0.03141388733162582,0.16405409385108854,0.04496331657129202,0,1
9.22,-0.3,0.0,0.0,-0.17322658855184034,-0.007281485437720875,0.8786599968316867,0.16592343533092957,0.025456701508067225,0,1
9.24,-0.3,0.0,0.0,-0.20345085832871532,0.04486548750790291,0.24149489034791174,0.16534258957962003,0.03790047820518756,0,1
9.26,-0.3,0.0,0.0,-0.27376362035260643,0.08530196392850367,-0.00543362703757427,0.1624225886456993,0.04216749635365808,0,1
9.28,-0.3,0.0,0.0,-0.28217805133175405,0.019283953311009343,0.14880360592462807,0.16213697506363592,0.04053377467671659,0,1
9.3,-0.3,0.0,0.0,-0.29233953754207176,0.007142559901719237,-0.12427938007811834,0.16464049472445919,0.041439901254233115,0,1
9.32,-0.3,0.0,0.0,-0.30316422160294526,0.01704616872112984,0.47067813388165936,0.1657856200779042,0.034252473673441794,0,1
9.34,-0.3,0.0,0.0,-0.288439241917711,-0.028949797522842335,-0.916650386134234,0.16648427262388538,0.0277541379003233,0,1
9.36,-0.3,0.0,0.0,-0.3215111930367452,0.02508907202212893,-0.8935635517498561,0.16528839974300538,0.024874351605488065,0,1
9.38,-0.3,0.0,0.0,-0.37545833992688676,0.03158259540870274,-0.6047718954427327,0.1627679853672546,0.030307899199478676,0,1
9.4,-0.3,0.0,0.0,-0.3796527794417231,-0.02102037013273928,-0.19897295177507962,0.16364965461787365,0.038793363832543615,0,1
9.42,-0.3,0.0,0.0,-0.25028222169621167,-0.005404622111660084,-0.34304376215395743,0.1663854605696906,0.036892269383189576,0,1
9.44,-0.3,0.0,0.0,-0.31077140056138064,2.6564257206910347e-06,-0.024779361461406482,0.16741655293390928,0.04374425344633469,0,1
9.46,-0.3,0.0,0.0,-0.254274688994912,0.007611320295754159,0.6084700332519333,0.1675360521371526,0.03024472460756961,0,1
9.48,-0.3,0.0,0.0,-0.2989329195608857,0.0296947804205471,-0.1728944133824583,0.16582258320427667,0.040182556714383,0,1
9.5,-0.3,0.0,0.0,-0.37254188244871994,0.0430351529104135,-0.06649385045688616,0.16308958423851638,0.042188458943199864,0,1
9.52,-0.3,0.0,0.0,-0.347414929870977,-0.025250287820477554,-1.120065203763305,0.1617722956976533,0.026487388481730233,0,1
9.54,-0.3,0.0,0.0,-0.3895757971749295,-0.029232689691594316,0.43600359518780374,0.16112277869136932,0.0332118345750861,0,1
9.56,-0.3,0.0,0.0,-0.2789837404544977,-0.004060604852511297,-0.23413267020482675,0.1633902155956156,0.04107512594979227,0,1
9.58,-0.3,0.0,0.0,-0.2744292827903794,-0.01750841711882149,0.6460300482058263,0.16449784125353129,0.029433047750473142,0,1
9.6,-0.3,0.0,0.0,-0.3454052387293651,0.03321213254271532,-0.05674648358730976,0.1632067154223217,0.04292282046871186,0,1
9.620000000000001,-0.3,0.0,0.0,-0.3983241530800361,0.06917985818251995,-0.19297755226886523,0.16085971136125723,0.04005995306088481,0,1
9.64,-0.3,0.0,0.0,-0.37132237787032335,0.03775456758290294,-0.7547210196419795,0.1608756694635702,0.026903256116718267,0,1
9.66,-0.3,0.0,0.0,-0.33244646853976056,0.02606016397878346,-0.16843808068152452,0.16234154029682438,0.04105579690171289,0,1
9.68,-0.3,0.0,0.0,-0.3820007101453954,0.0036027200826041516,-0.007768419020071636,0.16290094085432538,0.04416733791043744,0,1
9.7,-0.3,0.0,0.0,-0.2373577560445167,-0.011670953158841172,0.6628890311256261,0.16303069731376396,0.02953479098003015,0,1
9.72,-0.3,0.0,0.0,-0.3047961731000815,0.03432700430550691,0.30699136072357086,0.16157925916051258,0.03743262589330664,0,1
9.74,-0.3,0.0,0.0,-0.3640809679241011,0.0364515626030413,0.18640517509730425,0.15879702843790466,0.04072714338266646,0,1
9.76,-0.3,0.0,0.0,-0.36068357512824434,-0.020374736164527653,-0.031648517423815026,0.1590370599677877,0.04197889371836202,0,1
9.780000000000001,-0.3,0.0,0.0,-0.3780118047946023,-0.02370243071177206,-0.1597328550096493,0.16132539696824602,0.04037495155343148,0,1
9.8,-0.3,0.0,0.0,-0.3779790562181574,-0.006025604610802018,0.5535761780704658,0.16417414760614274,0.03152380562753956,0,1
9.82,-0.3,0.0,0.0,-0.31449273823247814,-0.012634931085319104,0.8381257678583156,0.16592741223065016,0.028720984207657275,0,1
9.84,-0.3,0.0,0.0,-0.36860116223424055,0.03183520435760702,0.6614837818103526,0.16500414858421344,0.02822342531578157,0,1
9.86,-0.3,0.0,0.0,-0.41812322358019083,0.08854050785245547,0.09544372721901784,0.16296529013577143,0.04004420835565063,0,1
9.879999999999999,-0.3,0.0,0.0,-0.3926098214898818,0.011648700069825052,0.11453233069961735,0.16262911459237783,0.04008788529445861,0,1
9.9,-0.3,0.0,0.0,-0.28307153878552366,-0.015403539712833205,0.34996733351053017,0.16367452883666336,0.03530078434195819,0,1
9.92,-0.3,0.0,0.0,-0.3547609923132839,-0.002215719061167277,0.4701316903432907,0.1639156336987992,0.0346184424815878,0,1
9.94,-0.3,0.0,0.0,-0.2240653985744156,0.006853911381904379,0.9878748125182321,0.16356139942194733,0.026750366698085504,0,1
9.96,-0.3,0.0,0.0,-0.28275567818035835,0.03521170977379356,0.807106979247721,0.161807391861107,0.027938201393372507,0,1
9.98,-0.3,0.0,0.0,-0.3368142338629923,0.07538717377993893,0.3287906174074817,0.15993551595402666,0.03697382931513321,0,1
10.0,0.0,0.0,0.0,-0.32778031542052677,0.0007383014907092716,0.10142811107476322,0.16064771194544322,0.031180190673234676,0,1
10.02,0.0,0.0,0.0,-0.22728735677835132,-0.024338956381052376,0.31394689716837165,0.16230400058689123,0.030906034108162166,0,1
10.04,0.0,0.0,0.0,-0.2450092438402593,-0.0033404556047102823,0.028314339680018688,0.16317652648633255,0.038384308532000776,0,1
10.06,0.0,0.0,0.0,-0.11257190627667919,0.0027385324833192177,0.3683616292026393,0.16303043285688334,0.03565893525599589,0,1
10.08,0.0,0.0,0.0,-0.2069712684821303,0.046838925870256766,0.2056963449918147,0.16156129656158152,0.03397173679522326,0,1
10.1,0.0,0.0,0.0,-0.25666339922557696,0.06883644935858498,0.21798297488114507,0.1598904126683138,0.03372766267650225,0,1
10.12,0.0,0.0,0.0,-0.24417990227230993,0.011122180875674938,0.12226216276553203,0.16009465135718964,0.034743495638622425,0,1
10.14,0.0,0.0,0.0,-0.11707556921331934,-0.003510253070049597,0.3047311406982445,0.16252525395423142,0.03616917013288006,0,1
10.16,0.0,0.0,0.0,-0.18629992075278834,-0.0212271612161349,0.3101412746754516,0.16409315325569185,0.034969180784352266,0,1
10.18,0.0,0.0,0.0,-0.046914749520413676,-0.005763771928559613,0.3661058308564848,0.16362734135088924,0.036360716413386264,0,1
10.2,0.0,0.0,0.0,-0.14674007178956294,0.03684942087210746,0.17419385243852667,0.16201838020081327,0.03729946662603653,0,1
10.22,0.0,0.0,0.0,-0.19918226966475208,0.04267975999264892,0.3809907981315115,0.16000605372576307,0.032367965980419536,0,1
10.24,0.0,0.0,0.0,-0.19096934356006431,-0.02526000778184964,0.22348246562245416,0.15964303821259676,0.03544524810338176,0,1
10.26,0.0,0.0,0.0,-0.09503864173412714,-0.03745481897414186,0.2212910425195727,0.16090211615224773,0.03842564870823786,0,1
10.28,0.0,0.0,0.0,-0.04205360708430525,-0.04601315293466597,-0.2747310902478018,0.1612793083668646,0.04025000269643108,0,1
10.3,0.0,0.0,0.0,-0.03308844789874198,-0.03317135919848095,0.2436862260996767,0.16103946510514175,0.038843618374416175,0,1
10.32,0.0,0.0,0.0,-0.103778915006398,0.019103012625577013,-0.1843600378511493,0.15977782623489709,0.04009331304106966,0,1
10.34,0.0,0.0,0.0,-0.05660656918845816,-0.012340622476245951,-1.2459890930566686,0.15824152861391744,0.02675321735686973,0,1
10.36,0.0,0.0,0.0,-0.10730357102338574,-0.01775764226429453,-0.48824759027588405,0.15981499305871805,0.03179647184207743,0,1
10.38,0.0,0.0,0.0,-0.019334493259253238,-0.028269352760624613,-0.6539598641797509,0.16192126259680065,0.028836735476896164,0,1
10.4,0.0,0.0,0.0,-0.10258855415504281,-0.020933322878275474,-0.2689010349984567,0.16333724702268845,0.03887045891321766,0,1
10.42,0.0,0.0,0.0,0.030979021249713457,-0.047062391788390126,0.41520966682664423,0.16293401260609244,0.035161803557722186,0,1
10.44,0.0,0.0,0.0,-0.04988480081404733,-0.00564066367734168,0.11639117788375246,0.16118118423838204,0.0408269325263816,0,1
10.46,0.0,0.0,0.0,-0.0962414145541669,-0.003556929769751993,0.16796079450371224,0.15751928319999073,0.041229507685259986,0,1
10.48,0.0,0.0,0.0,-0.1381134125323886,-0.013159908357752829,0.3847140412987561,0.15856485256719047,0.03266461354342031,0,1
10.5,0.0,0.0,0.0,-0.05025740293446041,-0.025189052513228543,0.4659992161489275,0.16150099517939875,0.032540385149097024,0,1
10.52,0.0,0.0,0.0,-0.12487915027181197,-0.0395250340453372,0.5683609777511356,0.16336025033493193,0.030698241763104348,0,1
10.54,0.0,0.0,0.0,0.013521721064148241,-0.004982252899127738,0.3957799916483218,0.16337520643532621,0.03541548024358115,0,1
10.56,0.0,0.0,0.0,-0.07720386994684421,0.07333853549780858,-0.08727272609040561,0.162501222005758,0.039998187143016936,0,1
10.58,0.0,0.0,0.0,-0.08079311805280066,0.06034900803466583,-0.19214489675533228,0.15928953210945035,0.040592655821331085,0,1
10.6,0.0,0.0,0.0,-0.1282167052586464,-0.01502633322621413,0.6388504975621527,0.15822380934640107,0.028534910248913605,0,1
10.62,0.0,0.0,0.0,-0.042328131047169995,-0.00818426029190477,0.29267040764071295,0.15954325523452684,0.037818404917513974,0,1
10.64,0.0,0.0,0.0,0.009378704279048616,-0.032691911723182386,0.046592414609289895,0.15919974536998996,0.04394587731817696,0,1
10.66,0.0,0.0,0.0,0.0650547616892046,-0.011488471022552623,0.5539500613478664,0.15873360344382703,0.030203419788882413,0,1
10.68,0.0,0.0,0.0,0.010421092838054171,0.005660029440413517,0.46720773107527513,0.16006096603223283,0.03380442927201623,0,1
10.7,0.0,0.0,0.0,0.03564656810493712,0.022738918770486435,-1.1188657341390669,0.16012695860092732,0.027116961092983737,0,1
10.72,0.0,0.0,0.0,-0.02332544304970483,-0.022091142921871202,-1.2191353343189577,0.16154405189405802,0.02697847698783078,0,1
10.74,0.0,0.0,0.0,-0.06903183147446544,-0.023508673273411492,0.2233470300583007,0.16500398233992178,0.03852235352732058,0,1
10.76,0.0,0.0,0.0,0.028046004921792555,-0.034093694289509244,-0.7875273019054808,0.16683488204855768,0.02845212096482011,0,1
10.78,0.0,0.0,0.0,0.09380814078125008,-0.05720805464112042,0.4336069869632113,0.1665362378311783,0.03236186793627088,0,1
10.8,0.0,0.0,0.0,0.04810730076147119,-0.05915981290703947,0.264200752122313,0.16439550397999067,0.03777172002054025,0,1
10.82,0.0,0.0,0.0,0.0012801175275163415,-0.06725677627253288,-0.06008902745810344,0.1596768926077995,0.042790784172945025,0,1
10.84,0.0,0.0,0.0,-0.053895533073801495,-0.018409855016789673,0.6497173989458482,0.1583113414265779,0.029331746405566572,0,1
10.86,0.0,0.0,0.0,0.003273925130169955,-0.029945647797752804,0.311332091953332,0.15813453102042455,0.03726176280994349,0,1
10.88,0.0,0.0,0.0,-0.06154223261455682,-0.01141864024339207,0.6817201098678353,0.16085270439756316,0.03057391565153477,0,1
10.9,0.0,0.0,0.0,0.05199019033225642,0.004699953374938051,0.4717593431315955,0.1621350545009914,0.03388780445559349,0,1
10.92,0.0,0.0,0.0,-0.04435197273026947,0.021873641362461217,0.437345609218584,0.1615590350725915,0.03359972845592931,0,1
10.94,0.0,0.0,0.0,-0.06968899565152904,0.04512849214332599,-0.28110632867664864,0.15859268292011142,0.037730597824925556,0,1
10.96,0.0,0.0,0.0,-0.13975038201218168,0.03592230676303216,1.0442691411423286,0.15918279084399567,0.024577388048748705,0,1
10.98,0.0,0.0,0.0,-0.05311023894402263,0.04456657515116654,0.5633796053513032,0.16145770356918218,0.030448489564949114,0,1
11.0,0.0,0.0,0.0,-0.0063085986779584475,0.008390945068170461,0.4741692790943834,0.16165470817631772,0.03478076354298928,0,1
11.02,0.0,0.0,0.0,0.030973797327793717,0.017581289633700942,0.8681465016475233,0.16103566695889074,0.02653406807307422,0,1
11.04,0.0,0.0,0.0,-0.033111603152038,0.09221355086784766,0.6705622901116852,0.16169746573361524,0.027830899663464543,0,1
11.06,0.0,0.0,0.0,-0.0031413178112248046,0.07191439751815301,-0.4652447147154872,0.160753148446243,0.03342282512985299,0,1
11.08,0.0,0.0,0.0,-0.05369833842624491,-0.015426146444754204,-0.914114930063303,0.16060988343349508,0.027093553834838517,0,1
11.1,0.0,0.0,0.0,-0.09188777674073856,-0.017702892233214102,0.4071644136482509,0.16188089829098976,0.03344959494006136,0,1
11.120000000000001,0.0,0.0,0.0,-0.0061083599161201405,-0.020453103379696188,-0.323993778365598,0.16297481781576123,0.03809616763586676,0,1
11.14,0.0,0.0,0.0,0.0033206226709834533,-0.024719686997661555,0.04245004347283954,0.16291072822647104,0.04120364731542519,0,1
11.16,0.0,0.0,0.0,-0.05051050881839279,0.0043472595411634535,-0.6305476426114628,0.1601854375448698,0.030116668307433127,0,1
11.18,0.0,0.0,0.0,-0.060560574833266115,-0.01545709980091678,-0.16262157073628103,0.15704482656659766,0.04063838698914554,0,1
11.2,0.0,0.0,0.0,-0.11086283075246585,0.01810180454738381,0.31783245937777505,0.16070861308258316,0.03493000590057775,0,1
11.22,0.0,0.0,0.0,-0.025262010707968893,0.005247258242499387,0.23059693207695148,0.16506766615774573,0.03875305504626132,0,1
11.24,0.0,0.0,0.0,-0.08844179574883708,0.013482633339341436,0.3240285513535547,0.1673282415373563,0.03765678170288881,0,1
11.26,0.0,0.0,0.0,0.02884356012988693,-0.023946649626936316,0.2211087325537457,0.16609142260397683,0.03936417077846177,0,1
11.28,0.0,0.0,0.0,-0.06069940468923652,0.02500843055468887,0.1800841298299994,0.16351215751659406,0.0386048634251341,0,1
11.3,0.0,0.0,0.0,-0.13133614569160285,0.009520143467444453,0.2509410336124945,0.15954809477581677,0.03831358198286598,0,1
11.32,0.0,0.0,0.0,-0.16824055775263952,-0.0327145667427848,0.09843391038217902,0.15949687820714611,0.03867663871299648,0,1
11.34,0.0,0.0,0.0,-0.09488500715849171,-0.060650741477918865,0.4956604300286105,0.16096430914031282,0.030439034501475875,0,1
11.36,0.0,0.0,0.0,-0.05048152540753744,-0.0269635114346568,-0.3607839750991763,0.16382340055138803,0.03804480660509782,0,1
11.38,0.0,0.0,0.0,-0.058729221343255214,0.005022078651951264,0.0631679234809449,0.16559471927105604,0.041632045807133526,0,1
11.4,0.0,0.0,0.0,-0.1360167876034004,0.06364558146180525,-0.5047493333006692,0.1654131219525821,0.030421018595544424,0,1
11.42,0.0,0.0,0.0,-0.08583954257745585,0.045150037881780965,-1.296431442491536,0.1637943633757198,0.026188285839159317,0,1
11.44,0.0,0.0,0.0,-0.10987032290747173,-0.019835498657868114,-1.034478799841938,0.16263259848522563,0.02576980390609932,0,1
11.46,0.0,0.0,0.0,-0.11819141347264743,-0.020181888263724072,0.16842762737885278,0.16412010521782627,0.03879633659272493,0,1
11.48,0.0,0.0,0.0,-0.042709750096342196,-0.025760358978067714,-0.7036971027985081,0.16420712052424913,0.030131264085916487,0,1
11.5,0.0,0.0,0.0,0.03260923715615172,-0.039222661923443314,0.574664350376687,0.16361249724364998,0.030920968742595336,0,1
11.52,0.0,0.0,0.0,-0.018278697965975678,-0.024544958281631293,0.23606420634545308,0.16134399293047882,0.03984046608420549,0,1
11.54,0.0,0.0,0.0,-0.03530904172991403,-0.04261967292342762,0.02121401080100768,0.15828488485047507,0.0436392583318594,0,1
11.56,0.0,0.0,0.0,-0.07417444099438585,-0.027578510102822893,0.005586323388546784,0.15890636923359375,0.04227820216783485,0,1
11.58,0.0,0.0,0.0,0.0019590758459243096,-0.028562982862893875,-0.19861289182569913,0.16014253533388328,0.04016584385738741,0,1
11.6,0.0,0.0,0.0,-0.08369062311285014,-0.026769334384312414,0.2992936352007247,0.1619408068711465,0.03857346188078554,0,1
11.620000000000001,0.0,0.0,0.0,0.04736957410465156,-0.03662270959962329,0.5359379796387402,0.16238712614925263,0.03217729818209942,0,1
11.64,0.0,0.0,0.0,-0.036614653749583684,0.0035895373545727217,0.2462608119204312,0.16129973202003384,0.03832441090672005,0,1
11.66,0.0,0.0,0.0,-0.08563614339955465,0.011481959937803488,-0.17956485409323658,0.15821809484474603,0.04071505223972614,0,1
11.68,0.0,0.0,0.0,-0.10149302720074334,0.004385472660941373,0.9837084922529857,0.15765114020318177,0.025800830691116314,0,1
11.7,0.0,0.0,0.0,-0.03279770505223145,-0.002906497819043812,0.6730510531130607,0.15877647567751887,0.02952251914180584,0,1
11.72,0.0,0.0,0.0,0.007494559984704149,-0.004303751171036643,-0.0139576029409205,0.15918312364315176,0.044417619790226695,0,1
11.74,0.0,0.0,0.0,0.0461402809250719,0.014574936611120639,0.9973220478512478,0.15997662601600102,0.026030500869645735,0,1
11.76,0.0,0.0,0.0,-0.019680170330606338,0.0645341635681556,0.6301539145040481,0.16119576814487072,0.029881893981416014,0,1
11.78,0.0,0.0,0.0,0.001154789709965912,0.08589173182437757,-1.1667901990673166,0.16075680758789027,0.02609806103267514,0,1
11.8,0.0,0.0,0.0,-0.057425946232055394,0.01615913619554291,-0.9919871849724318,0.16165508049748029,0.026798412459136264,0,1
11.82,0.0,0.0,0.0,-0.014804813591377725,0.010278425902939509,-0.3504107061732529,0.16383384980202784,0.03563727976447735,0,1
11.84,0.0,0.0,0.0,-0.0217241031611209,0.011168219998572038,-0.47398598760491817,0.16502420399512555,0.03492018356043674,0,1
11.86,0.0,0.0,0.0,0.07106806301115655,-0.03324616263101012,0.8611338546916608,0.16405569660635297,0.026592933367699977,0,1
11.88,0.0,0.0,0.0,0.02811977007548439,-0.0012159056185890127,0.2978111351442577,0.16117613766417213,0.03741373372936685,0,1
11.9,0.0,0.0,0.0,-0.005351775981887315,-0.012452311633073738,-0.3570548316613017,0.1567047150792414,0.037256574806378444,0,1
11.92,0.0,0.0,0.0,-0.08920838603320633,0.008332807846155872,0.4958039957609702,0.1579863070715367,0.03212215232170586,0,1
11.94,0.0,0.0,0.0,-0.023331991813680293,0.010999944362213274,0.14189000389263984,0.16030923111435896,0.0413795872988406,0,1
11.96,0.0,0.0,0.0,-0.11155456553919953,0.013241228699779133,0.4094762398199898,0.16283301241910444,0.03508102418574931,0,1
11.98,0.0,0.0,0.0,0.011100056976124605,0.009430652017648736,0.6696151302250956,0.1632885385393434,0.030182832011265544,0,1
