t_unix_s,used_mib
1786357004,1
1786357005,1
1786357006,1
1786357007,286
1786357009,286
1786357010,286
1786357011,324
1786357012,324
1786357013,324
1786357014,324
1786357015,324
1786357016,324
1786357017,324
1786357018,324
1786357019,324
1786357020,324
1786357021,324
1786357022,324
1786357024,324
1786357025,324
1786357026,324
1786357027,324
1786357028,324
1786357029,364
1786357030,556
1786357031,556
1786357032,556
1786357033,556
1786357034,556
1786357035,556
1786357036,556
1786357037,884
1786357039,884
1786357040,884
1786357041,884
1786357042,884
1786357043,884
1786357044,884
1786357045,884
1786357046,884
1786357047,884
1786357048,884
1786357049,884
1786357050,884
1786357051,884
1786357053,884
1786357054,884
1786357055,884
1786357056,884
1786357057,884
1786357058,884
1786357059,884
1786357060,884
1786357061,884
1786357062,884
1786357063,884
1786357064,884
1786357065,886
1786357066,886
1786357068,886
1786357069,884
1786357070,884
1786357071,884
1786357072,884
1786357073,884
1786357074,884
1786357075,884
1786357076,884
1786357077,884
1786357078,884
1786357079,884
1786357080,884
1786357081,884
1786357083,884
1786357084,884
1786357085,884
1786357086,884
1786357087,884
1786357088,884
1786357089,884
1786357090,884
1786357091,884
1786357092,884
1786357093,884
1786357094,884
1786357095,884
1786357097,884
1786357098,884
1786357099,884
1786357100,884
1786357101,884
1786357102,884
1786357103,884
1786357104,884
1786357105,884
1786357106,884
1786357107,914
1786357108,914
1786357109,914
1786357110,914
1786357111,914
1786357113,914
1786357114,914
1786357115,914
1786357116,914
1786357117,914
1786357118,914
1786357119,914
1786357120,914
1786357121,914
1786357122,914
1786357123,914
1786357124,914
1786357125,914
1786357126,914
1786357127,914
1786357129,914
1786357130,914
1786357131,914
1786357132,914
1786357133,914
1786357134,914
1786357135,914
1786357136,914
1786357137,914
1786357138,914
1786357139,914
1786357140,914
1786357141,914
1786357142,914
1786357144,914
1786357145,914
1786357146,914
1786357147,914
1786357148,914
1786357149,914
1786357150,914
1786357151,914
1786357152,914
1786357153,914
1786357154,914
1786357155,914
1786357156,914
1786357157,914
1786357159,914
1786357160,914
1786357161,914
1786357162,914
1786357163,914
1786357164,1438
1786357165,1438
1786357166,1438
1786357167,1438
1786357168,1438
1786357169,1438
1786357170,1438
1786357171,1438
1786357172,1438
1786357173,1438
1786357174,1438
1786357176,1438
1786357177,1438
1786357178,1438
1786357179,1438
1786357180,1438
1786357181,1438
1786357182,1438
1786357183,1438
1786357184,1438
1786357185,1438
1786357186,1438
1786357187,1438
1786357188,1438
1786357189,1438
1786357191,1438
1786357192,1438
1786357193,1438
1786357194,1438
1786357195,1438
1786357196,1438
1786357197,1438
1786357198,1438
1786357199,1438
1786357200,1438
1786357201,1438
1786357202,1438
1786357203,1438
1786357205,1438
1786357206,1438
1786357207,1438
1786357208,1438
1786357209,1438
1786357210,1438
1786357211,1440
1786357212,1440
1786357213,1440
1786357214,1440
1786357215,1440
1786357216,1440
1786357217,1440
1786357218,1440
1786357219,1440
1786357220,1440
1786357222,1440
1786357223,1440
1786357224,1440
1786357225,1440
1786357226,1440
1786357227,1440
1786357228,1440
1786357229,1440
1786357230,1440
1786357231,1440
1786357232,1440
1786357233,1440
1786357234,1440
1786357235,1440
1786357237,1440
1786357238,1440
1786357239,1440
1786357240,1440
1786357241,1440
1786357242,1440
1786357243,1440
1786357244,1440
1786357245,1440
1786357246,1440
1786357247,1440
1786357248,1440
1786357249,1440
1786357250,1440
1786357252,1440
1786357253,1440
1786357254,1440
1786357255,1440
1786357256,1440
1786357257,1440
1786357258,1440
1786357259,1440
1786357260,1452
1786357261,1452
1786357262,1452
1786357263,1452
1786357264,1452
1786357265,1452
1786357266,1452
1786357267,1452
1786357269,1452
1786357270,1452
1786357271,1452
1786357272,1452
1786357273,1452
1786357274,1452
1786357275,1452
1786357276,1452
1786357277,1452
1786357278,1452
1786357279,1452
1786357280,1452
1786357281,1452
1786357282,1452
1786357284,1452
1786357285,1452
1786357286,1452
1786357287,1452
1786357288,1452
1786357289,1452
1786357290,1452
1786357291,1452
1786357292,1452
1786357293,1452
1786357294,1452
1786357295,1452
1786357296,1452
1786357297,1452
1786357299,1452
1786357300,1452
1786357301,1452
1786357302,1452
1786357303,1452
1786357304,1452
1786357305,1452
1786357306,1452
1786357307,1456
1786357308,1456
1786357309,1456
1786357310,1456
1786357311,1456
1786357312,1456
1786357313,1456
1786357314,1456
1786357316,1456
1786357317,1456
1786357318,1456
1786357319,1456
1786357320,1456
1786357321,1456
1786357322,1508
1786357323,1508
1786357324,1508
1786357325,1508
1786357326,1508
1786357327,1508
1786357328,1508
1786357329,1508
1786357330,1508
1786357332,1508
1786357333,1508
1786357334,1508
1786357335,1508
1786357336,1508
1786357337,1508
1786357338,1508
1786357339,1508
1786357340,1508
1786357341,1508
1786357342,1508
1786357343,1508
1786357344,1508
1786357345,1508
1786357347,1508
1786357348,1508
1786357349,1508
1786357350,1508
1786357351,1508
1786357352,1508
1786357353,1508
1786357354,1508
1786357355,1508
1786357356,1508
1786357357,1508
1786357358,1508
1786357359,1508
1786357361,1508
1786357362,1508
1786357363,1508
1786357364,1508
1786357365,1508
1786357366,1508
1786357367,1508
1786357368,1508
1786357369,1512
1786357370,1512
1786357371,1512
1786357372,1512
1786357373,1512
1786357374,1512
1786357375,1512
1786357376,1512
1786357378,1512
1786357379,1512
1786357380,1512
1786357381,1512
1786357382,1512
1786357383,1512
1786357384,1512
1786357385,1512
1786357386,1512
1786357387,1512
1786357388,1512
1786357389,1512
1786357390,1512
1786357391,1512
1786357392,1512
1786357393,1512
1786357394,1512
1786357396,1512
1786357397,1512
1786357398,1512
1786357399,1512
1786357400,1512
1786357401,1512
1786357402,1512
1786357403,1512
1786357404,1512
1786357405,1512
1786357406,1512
1786357407,1512
1786357408,1512
1786357409,1512
1786357410,1512
1786357412,1512
1786357413,1512
1786357414,1512
1786357415,1512
1786357416,1512
1786357417,1512
1786357418,1512
1786357419,1512
1786357420,1512
1786357421,1512
1786357422,1512
1786357423,1512
1786357424,1512
1786357425,1512
1786357426,1512
1786357427,1512
1786357428,1512
1786357430,1512
1786357431,1512
1786357432,1512
1786357433,1512
1786357434,1512
1786357435,1512
1786357436,1512
1786357437,1512
1786357438,1512
1786357439,1512
1786357440,1512
1786357441,1512
1786357442,1512
1786357443,1512
1786357444,1512
1786357446,1512
1786357447,1512
1786357448,1512
1786357449,1512
1786357450,1512
1786357451,1512
1786357452,1512
1786357453,1512
1786357454,1512
1786357455,1512
1786357456,1512
1786357457,1512
1786357458,1512
1786357459,1512
1786357460,1512
1786357461,1512
1786357463,1512
1786357464,1512
1786357465,1512
1786357466,1512
1786357467,1512
1786357468,1512
1786357469,1512
1786357470,1512
1786357471,1512
1786357472,1512
1786357473,1512
1786357474,1512
1786357475,1512
1786357476,1512
1786357477,1512
1786357479,1512
1786357480,1512
1786357481,1512
1786357482,1512
1786357483,1512
1786357484,1512
1786357485,1512
1786357486,1512
1786357487,1512
1786357488,1512
1786357489,1512
1786357490,1512
1786357491,1512
1786357492,1512
1786357493,1512
1786357494,1512
1786357496,1512
1786357497,1512
1786357498,1512
1786357499,1512
1786357500,1512
1786357501,1512
1786357502,1512
1786357503,1512
1786357504,1512
1786357505,1512
1786357506,1512
1786357507,1512
1786357508,1512
1786357509,1512
1786357510,1512
1786357511,1512
1786357513,1512
1786357514,1512
1786357515,1512
1786357516,1512
1786357517,1512
1786357518,1512
1786357519,1512
1786357520,1512
1786357521,1512
1786357522,1512
1786357523,1512
1786357524,1512
1786357525,1512
1786357526,1512
1786357527,1512
1786357528,1512
1786357529,1512
1786357531,1512
1786357532,1512
1786357533,1512
1786357534,1512
1786357535,1512
1786357536,1512
1786357537,1512
1786357538,1512
1786357539,1512
1786357540,1512
1786357541,1512
1786357542,1512
1786357543,1512
1786357544,1512
1786357545,1512
1786357546,1512
1786357548,1512
1786357549,1512
1786357550,1512
1786357551,1512
1786357552,1512
1786357553,1512
1786357554,1512
1786357555,1512
1786357556,1512
1786357557,1512
1786357558,1512
1786357559,1512
1786357560,1512
1786357561,1512
1786357562,1512
1786357563,1512
1786357565,1512
1786357566,1512
1786357567,1512
1786357568,1512
1786357569,1512
1786357570,1512
1786357571,1512
1786357572,1512
1786357573,1512
1786357574,1512
1786357575,1512
1786357576,1512
1786357577,1512
1786357578,1512
1786357579,1512
1786357580,1512
1786357582,1512
1786357583,1512
1786357584,1512
1786357585,1512
1786357586,1512
1786357587,1512
1786357588,1512
1786357589,1512
1786357590,1512
1786357591,1512
1786357592,1512
1786357593,1512
1786357594,1512
1786357595,1512
1786357596,1512
1786357597,1512
1786357599,1512
1786357600,1512
1786357601,1512
1786357602,1512
1786357603,1512
1786357604,1512
1786357605,1512
1786357606,1512
1786357607,1512
1786357608,1512
1786357609,1512
1786357610,1512
1786357611,1512
1786357612,1512
1786357613,1512
1786357614,1512
1786357616,1512
1786357617,1512
1786357618,1512
1786357619,1512
1786357620,1512
1786357621,1512
1786357622,1512
1786357623,1512
1786357624,1512
1786357625,1512
1786357626,1512
1786357627,1512
1786357628,1512
1786357629,1512
1786357630,1512
1786357631,1512
1786357632,1512
1786357634,1512
1786357635,1512
1786357636,1512
1786357637,1512
1786357638,1512
1786357639,1512
1786357640,1512
1786357641,1512
1786357642,1512
1786357643,1512
1786357644,1512
1786357645,1512
1786357646,1512
1786357647,1512
1786357648,1512
1786357649,1512
1786357651,1512
1786357652,1512
1786357653,1512
1786357654,1512
1786357655,1512
1786357656,1512
1786357657,1512
1786357658,1512
1786357659,1512
1786357660,1512
1786357661,1512
1786357662,1512
1786357663,1512
1786357664,1512
1786357665,1512
1786357666,1512
1786357667,1512
1786357669,1512
1786357670,1512
1786357671,1512
1786357672,1512
1786357673,1512
1786357674,1512
1786357675,1512
1786357676,1512
1786357677,1512
1786357678,1512
1786357679,1512
1786357680,1512
1786357681,1512
1786357682,1512
1786357683,1512
1786357685,1512
1786357686,1512
1786357687,1512
1786357688,1512
1786357689,1512
1786357690,1512
1786357691,1512
1786357692,1512
1786357693,1512
1786357694,1512
1786357695,1512
1786357696,1512
1786357697,1512
1786357698,1512
1786357699,1512
1786357700,1512
1786357702,1512
1786357703,1512
1786357704,1512
1786357705,1512
1786357706,1512
1786357707,1512
1786357708,1512
1786357709,1512
1786357710,1512
1786357711,1512
1786357712,1512
1786357713,1512
1786357714,1512
1786357715,1512
1786357716,1512
1786357718,1512
1786357719,1512
1786357720,1512
1786357721,1512
1786357722,1512
1786357723,1512
1786357724,1512
1786357725,1512
1786357726,1514
1786357727,1514
1786357728,1514
1786357729,1514
1786357730,1514
1786357731,1514
1786357733,1514
1786357734,1514
1786357735,1514
1786357736,1514
1786357737,1514
1786357738,1514
1786357739,1514
1786357740,1514
1786357741,1514
1786357742,1514
1786357743,1516
1786357744,1516
1786357745,1516
1786357746,1516
1786357747,1516
1786357749,1516
1786357750,1516
1786357751,1512
1786357752,1512
1786357753,1474
1786357754,1474
