time_s,gait,phase,command_vx,actual_vx,contact_match,reward,terminated
0.0,walk,0.0,0.4,0.11846087832365194,0.25,0.03683008713279341,0
0.02,walk,0.022222222222222223,0.4,-0.03941141378025244,0.25,0.02396021568664072,0
0.04,walk,0.044444444444444446,0.4,0.036618025460096695,0.25,0.03126854579497357,0
0.06,walk,0.06666666666666667,0.4,-0.08506140259339748,0.25,0.024289490611473275,0
0.08,walk,0.08888888888888889,0.4,-0.1585026151768422,0.25,0.01794604397243745,0
0.1,walk,0.11111111111111112,0.4,-0.014127686783977168,0.25,0.027547491350496216,0
0.12000000000000001,walk,0.13333333333333333,0.4,-0.09821226420557731,0.25,0.024594430943555956,0
0.14,walk,0.15555555555555556,0.4,-0.009805886775842076,0.75,0.026688471432733337,0
0.16,walk,0.17777777777777778,0.4,0.14453293123061164,0.75,0.04380798690408697,0
0.18,walk,0.2,0.4,0.17785646731342594,0.75,0.0419708874533362,0
0.19999999999999998,walk,0.22222222222222224,0.4,0.2804471331712039,0.75,0.043838023425194134,0
0.21999999999999997,walk,0.24444444444444446,0.4,0.342674092377766,0.25,0.04258175815201027,0
0.23999999999999996,walk,0.26666666666666666,0.4,0.3753806965689444,0.5,0.046446678295413484,0
0.25999999999999995,walk,0.28888888888888886,0.4,0.4987763899409045,0.25,0.03525604547918992,0
0.27999999999999997,walk,0.31111111111111106,0.4,0.513883189305682,0.25,0.03390254060992532,0
0.3,walk,0.33333333333333326,0.4,0.3749643568346345,0.5,0.04684771637710215,0
0.32,walk,0.35555555555555546,0.4,0.3504651773928158,0.75,0.03481542368818882,0
0.34,walk,0.37777777777777766,0.4,0.36413415895190243,0.75,0.038628076131364736,0
0.36000000000000004,walk,0.39999999999999986,0.4,0.4092972963740888,0.5,0.042181218352480655,0
0.38000000000000006,walk,0.42222222222222205,0.4,0.5028417834466623,0.25,0.0429929203078873,0
0.4000000000000001,walk,0.44444444444444425,0.4,0.5041837496988012,0.0,0.04148439082129677,0
0.4200000000000001,walk,0.46666666666666645,0.4,0.3619769798675804,0.5,0.04054311532602939,0
0.4400000000000001,walk,0.48888888888888865,0.4,0.3735149137278332,0.75,0.04314731950622969,0
0.46000000000000013,walk,0.5111111111111108,0.4,0.32106752840429603,0.25,0.02888864470979892,0
0.48000000000000015,walk,0.5333333333333331,0.4,0.37317620695911086,0.5,0.03385351471598938,0
0.5000000000000001,walk,0.5555555555555554,0.4,0.4299369718079168,0.5,0.04457299410225881,0
0.5200000000000001,walk,0.5777777777777776,0.4,0.49323172217277544,0.5,0.039713903451861134,0
0.5400000000000001,walk,0.5999999999999999,0.4,0.3878705881132005,0.25,0.0399999761549333,0
0.5600000000000002,walk,0.6222222222222221,0.4,0.42011940493372835,0.25,0.03494364262261859,0
0.5800000000000002,walk,0.6444444444444444,0.4,0.2733708874026073,0.5,0.03735639559147717,0
0.6000000000000002,walk,0.6666666666666666,0.4,0.31384161938279537,0.5,0.04584623910751521,0
0.6200000000000002,walk,0.6888888888888889,0.4,0.38916067683358274,0.75,0.046650068543476586,0
0.6400000000000002,walk,0.7111111111111111,0.4,0.3911255418843786,0.75,0.03383608415863364,0
0.6600000000000003,walk,0.7333333333333334,0.4,0.36150048077267743,0.5,0.030562110263225434,0
0.6800000000000003,walk,0.7555555555555556,0.4,0.3939937082601925,0.5,0.04256457557034891,0
0.7000000000000003,walk,0.7777777777777779,0.4,0.31089080130305463,1.0,0.04757104148924334,0
0.7200000000000003,walk,0.8000000000000002,0.4,0.36124386964994176,0.75,0.04954522611769474,0
0.7400000000000003,walk,0.8222222222222224,0.4,0.480853611555479,0.75,0.03579772300765794,0
0.7600000000000003,walk,0.8444444444444447,0.4,0.4757188384975653,0.25,0.036933377061160726,0
0.7800000000000004,walk,0.8666666666666669,0.4,0.3548669766374017,0.0,0.04117969205730382,0
0.8000000000000004,walk,0.8888888888888892,0.4,0.35144999119766446,0.25,0.029609365052070423,0
0.8200000000000004,walk,0.9111111111111114,0.4,0.312238058721607,0.75,0.030967075144506365,0
0.8400000000000004,walk,0.9333333333333337,0.4,0.336631419135246,0.75,0.03469263616025184,0
0.8600000000000004,walk,0.9555555555555559,0.4,0.45138886583452636,0.75,0.03366528645338545,0
0.8800000000000004,walk,0.9777777777777782,0.4,0.444899011619153,0.5,0.03532061100217889,0
0.9000000000000005,walk,4.440892098500626e-16,0.4,0.3146951824953434,0.5,0.04588937018661271,0
0.9200000000000005,walk,0.022222222222222667,0.4,0.3083365754517718,0.5,0.03132866603235979,0
0.9400000000000005,walk,0.04444444444444489,0.4,0.24293132075953755,0.25,0.025380510835652462,0
0.9600000000000005,walk,0.06666666666666711,0.4,0.2892903559572612,0.0,0.028895008637638293,0
0.9800000000000005,walk,0.08888888888888934,0.4,0.3007508414401473,0.25,0.027216308571439134,0
1.0000000000000004,walk,0.11111111111111156,0.4,0.30822463340715256,0.5,0.04269546363681944,0
1.0200000000000005,walk,0.13333333333333378,0.4,0.23812291324784707,0.5,0.03859452343821356,0
1.0400000000000005,walk,0.155555555555556,0.4,0.29308495107789173,0.75,0.047232507020756376,0
1.0600000000000005,walk,0.17777777777777823,0.4,0.2618067641097413,0.25,0.04101819347706028,0
1.0800000000000005,walk,0.20000000000000046,0.4,0.29911663464060484,0.0,0.03938210220613391,0
1.1000000000000005,walk,0.22222222222222268,0.4,0.3484439691668926,0.25,0.0401524333473196,0
1.1200000000000006,walk,0.2444444444444449,0.4,0.4241178219260296,0.5,0.04831441012117873,0
1.1400000000000006,walk,0.2666666666666671,0.4,0.3293169691488018,0.25,0.03556631751556297,0
1.1600000000000006,walk,0.2888888888888893,0.4,0.4141398745969314,0.75,0.03983314677942858,0
1.1800000000000006,walk,0.3111111111111115,0.4,0.2528551824988582,1.0,0.035018101671884135,0
1.2000000000000006,walk,0.3333333333333337,0.4,0.29090083036769376,0.5,0.038129018266145204,0
1.2200000000000006,walk,0.3555555555555559,0.4,0.37032323608029033,0.5,0.04501077933537842,0
1.2400000000000007,walk,0.3777777777777781,0.4,0.3827909052752437,0.0,0.027553945359205266,0
1.2600000000000007,walk,0.4000000000000003,0.4,0.2398023825125171,0.25,0.03733619372041643,0
1.2800000000000007,walk,0.4222222222222225,0.4,0.3151348645629191,0.75,0.046174923907109804,0
1.3000000000000007,walk,0.4444444444444447,0.4,0.177580906215991,0.75,0.04305750461302145,0
1.3200000000000007,walk,0.4666666666666669,0.4,0.22007898864736744,0.25,0.0378302849365506,0
1.3400000000000007,walk,0.4888888888888891,0.4,0.3438256217324932,0.25,0.03418346453723996,0
1.3600000000000008,walk,0.5111111111111113,0.4,0.3136691697927993,0.75,0.033129424632459104,0
1.3800000000000008,walk,0.5333333333333335,0.4,0.20655902033025048,0.5,0.03870424051673705,0
1.4000000000000008,walk,0.5555555555555558,0.4,0.26389404452672477,0.0,0.03970168289877226,0
1.4200000000000008,walk,0.5777777777777781,0.4,0.18167981519878534,0.25,0.02529063225871317,0
1.4400000000000008,walk,0.6000000000000003,0.4,0.2516665544890844,0.25,0.030237838032782,0
1.4600000000000009,walk,0.6222222222222226,0.4,0.3719579868550114,0.75,0.044610537221778025,0
1.4800000000000009,walk,0.6444444444444448,0.4,0.3688743523337426,0.5,0.044292067990150556,0
1.5000000000000009,walk,0.6666666666666671,0.4,0.28339655213483644,0.5,0.040393149008072414,0
1.520000000000001,walk,0.6888888888888893,0.4,0.29741661452023704,0.5,0.030496733288473736,0
1.540000000000001,walk,0.7111111111111116,0.4,0.3377367681090565,0.25,0.04372318349647307,0
1.560000000000001,walk,0.7333333333333338,0.4,0.370561058001123,0.5,0.046971756591540716,0
1.580000000000001,walk,0.7555555555555561,0.4,0.4212927032861974,0.5,0.04867947687565687,0
1.600000000000001,walk,0.7777777777777783,0.4,0.45427579044382843,0.5,0.04852188915725814,0
1.620000000000001,walk,0.8000000000000006,0.4,0.34465919821514057,0.0,0.03456976470598797,0
1.640000000000001,walk,0.8222222222222229,0.4,0.37160727687206624,0.5,0.03213058197999762,0
1.660000000000001,walk,0.8444444444444451,0.4,0.39667963420599534,0.75,0.03421049664164306,0
1.680000000000001,walk,0.8666666666666674,0.4,0.40133716469950625,0.5,0.040422994011308055,0
1.700000000000001,walk,0.8888888888888896,0.4,0.5033723751993658,0.75,0.045561027719810875,0
1.720000000000001,walk,0.9111111111111119,0.4,0.45922283297166183,0.5,0.03974719400273362,0
1.740000000000001,walk,0.9333333333333341,0.4,0.35305811566597495,0.0,0.03847082311146869,0
1.7600000000000011,walk,0.9555555555555564,0.4,0.34337762822338513,0.5,0.03860707170963122,0
1.7800000000000011,walk,0.9777777777777786,0.4,0.5038725049085514,0.75,0.04520693835336903,0
1.8000000000000012,walk,8.881784197001252e-16,0.4,0.4915362855535564,0.0,0.031927062017616845,0
1.8200000000000012,walk,0.02222222222222311,0.4,0.47464580715712595,0.25,0.04474243274276077,0
1.8400000000000012,walk,0.044444444444445334,0.4,0.5035117449127599,0.75,0.039707570194766756,0
1.8600000000000012,walk,0.06666666666666755,0.4,0.41341426184508234,0.5,0.03551826131140579,0
1.8800000000000012,walk,0.08888888888888978,0.4,0.33018564594533495,0.5,0.04567164187895295,0
1.9000000000000012,walk,0.11111111111111201,0.4,0.4322867782254625,0.25,0.03792092707501591,0
1.9200000000000013,walk,0.13333333333333422,0.4,0.4739270167972705,0.25,0.038865295589680396,0
1.9400000000000013,walk,0.15555555555555645,0.4,0.533152880683575,0.0,0.034668148382566905,0
1.9600000000000013,walk,0.17777777777777867,0.4,0.5922413609994231,0.5,0.041039841680022525,0
1.9800000000000013,walk,0.2000000000000009,0.4,0.4950773319622612,0.5,0.0445273950566561,0
2.0000000000000013,walk,0.22222222222222313,0.4,0.5484803246274256,0.5,0.0291467533019717,0
2.0200000000000014,walk,0.24444444444444535,0.4,0.3704855422838812,0.25,0.028836969689845515,0
2.0400000000000014,walk,0.26666666666666755,0.4,0.40339548899388394,0.5,0.04005679824944203,0
2.0600000000000014,walk,0.28888888888888975,0.4,0.49603202714530803,0.5,0.03451696750601629,0
2.0800000000000014,walk,0.31111111111111195,0.4,0.42771871519441895,0.25,0.04145269273479493,0
2.1000000000000014,walk,0.33333333333333415,0.4,0.3680757057209576,0.5,0.041189258639006986,0
2.1200000000000014,walk,0.35555555555555635,0.4,0.4754254758449448,0.5,0.04364812785928314,0
2.1400000000000015,walk,0.37777777777777855,0.4,0.4098803519228076,0.75,0.03675441654602471,0
2.1600000000000015,walk,0.40000000000000074,0.4,0.41745171070317105,0.25,0.034249345077332446,0
2.1800000000000015,walk,0.42222222222222294,0.4,0.493593409746291,0.25,0.03154546779831707,0
2.2000000000000015,walk,0.44444444444444514,0.4,0.42646155603254793,0.25,0.03516145085988936,0
2.2200000000000015,walk,0.46666666666666734,0.4,0.28703862489880444,0.5,0.029912606276380944,0
2.2400000000000015,walk,0.48888888888888954,0.4,0.46037817233182243,0.75,0.03355995179834579,0
2.2600000000000016,walk,0.5111111111111117,0.4,0.3045149723000989,0.25,0.036013824898609575,0
2.2800000000000016,walk,0.533333333333334,0.4,0.3437415358532778,0.75,0.04855200450260811,0
2.3000000000000016,walk,0.5555555555555562,0.4,0.45968742155643705,0.75,0.03889043205591769,0
2.3200000000000016,walk,0.5777777777777785,0.4,0.42443682773395064,0.75,0.036665872790833796,0
2.3400000000000016,walk,0.6000000000000008,0.4,0.302790198784322,0.5,0.03920377177118079,0
2.3600000000000017,walk,0.622222222222223,0.4,0.3177236351495922,0.0,0.0413247070178368,0
2.3800000000000017,walk,0.6444444444444453,0.4,0.2693371206722705,0.25,0.026595347238835797,0
2.4000000000000017,walk,0.6666666666666675,0.4,0.3878105183281343,0.25,0.0444804341047426,0
2.4200000000000017,walk,0.6888888888888898,0.4,0.43781694317171943,0.75,0.03450354709256522,0
2.4400000000000017,walk,0.711111111111112,0.4,0.4213209984253229,0.5,0.04688656489117373,0
2.4600000000000017,walk,0.7333333333333343,0.4,0.31940741092015157,0.5,0.040052389239371176,0
2.4800000000000018,walk,0.7555555555555565,0.4,0.36689155432816944,0.25,0.04525592287827198,0
2.5000000000000018,walk,0.7777777777777788,0.4,0.3996079879096933,0.75,0.035173412960233214,0
2.520000000000002,walk,0.800000000000001,0.4,0.4163657560047353,0.5,0.035520372944988714,0
2.540000000000002,walk,0.8222222222222233,0.4,0.4436072129051671,0.75,0.05039709216703979,0
2.560000000000002,walk,0.8444444444444456,0.4,0.5110877120296657,0.5,0.04123473721368886,0
2.580000000000002,walk,0.8666666666666678,0.4,0.4130682673672027,0.25,0.04163159324123766,0
2.600000000000002,walk,0.8888888888888901,0.4,0.43030316289547094,0.5,0.031520447679059614,0
2.620000000000002,walk,0.9111111111111123,0.4,0.2773261089960742,0.75,0.03310355905567942,0
2.640000000000002,walk,0.9333333333333346,0.4,0.33200273122981394,0.5,0.04432592791023117,0
2.660000000000002,walk,0.9555555555555568,0.4,0.40429322362110715,0.25,0.04628400293298351,0
2.680000000000002,walk,0.9777777777777791,0.4,0.37797814838315824,0.25,0.04482219554903665,0
2.700000000000002,walk,1.3322676295501878e-15,0.4,0.23854096643147665,0.5,0.032107730487727235,0
2.720000000000002,walk,0.022222222222223555,0.4,0.38851689709227033,1.0,0.036944959724043984,0
2.740000000000002,walk,0.04444444444444578,0.4,0.2839641021144209,0.75,0.04122554084103346,0
2.760000000000002,walk,0.066666666666668,0.4,0.3038661507748253,0.25,0.04142101056318033,0
2.780000000000002,walk,0.08888888888889022,0.4,0.412141246952106,0.25,0.036164175048600034,0
2.800000000000002,walk,0.11111111111111245,0.4,0.3894651543520515,0.5,0.042527129768991215,0
2.820000000000002,walk,0.13333333333333466,0.4,0.24934013876541294,0.5,0.040807206239121305,0
2.840000000000002,walk,0.1555555555555569,0.4,0.26094782986883186,0.75,0.03318932505604551,0
2.860000000000002,walk,0.17777777777777912,0.4,0.3289436477930654,0.25,0.04176821322648783,0
2.880000000000002,walk,0.20000000000000134,0.4,0.3525383309820728,0.5,0.04503957896145225,0
2.900000000000002,walk,0.22222222222222357,0.4,0.4687031280151341,0.25,0.03297583373265168,0
2.920000000000002,walk,0.2444444444444458,0.4,0.45611636207145184,0.5,0.03815644264060184,0
2.940000000000002,walk,0.266666666666668,0.4,0.32513712542118534,0.5,0.03528830474011126,0
2.960000000000002,walk,0.2888888888888902,0.4,0.30611180677835786,1.0,0.03541026310319278,0
2.980000000000002,walk,0.3111111111111124,0.4,0.3809081922854477,0.75,0.03314586734480637,0
3.000000000000002,trot,0.0,0.4,0.3889517808837237,1.0,0.04820108717648591,0
3.0200000000000022,trot,0.04,0.4,0.4825262074217041,1.0,0.04219648556878391,0
3.0400000000000023,trot,0.08,0.4,0.48539283720187143,0.75,0.04634107524121532,0
3.0600000000000023,trot,0.12,0.4,0.3508290445853098,0.25,0.04415375121910458,0
3.0800000000000023,trot,0.16,0.4,0.29439007174125725,0.25,0.028650159213088923,0
3.1000000000000023,trot,0.2,0.4,0.32834354175005437,0.5,0.03077557782684889,0
3.1200000000000023,trot,0.24000000000000002,0.4,0.368519390075498,0.75,0.037339452891183005,0
3.1400000000000023,trot,0.28,0.4,0.45448572862122794,0.5,0.032795872136643194,0
3.1600000000000024,trot,0.32,0.4,0.38698028350628744,0.5,0.04652072607637903,0
3.1800000000000024,trot,0.36,0.4,0.3182746071034067,0.25,0.033173426396248686,0
3.2000000000000024,trot,0.39999999999999997,0.4,0.41064727586224953,0.25,0.03846846816154118,0
3.2200000000000024,trot,0.43999999999999995,0.4,0.36178589355103513,0.5,0.03462138815802379,0
3.2400000000000024,trot,0.4799999999999999,0.4,0.3582433404101459,1.0,0.04835646494198897,0
3.2600000000000025,trot,0.5199999999999999,0.4,0.42400455419195493,0.0,0.03804858602558432,0
3.2800000000000025,trot,0.5599999999999999,0.4,0.3556187582366571,0.5,0.045535934494794095,0
3.3000000000000025,trot,0.6,0.4,0.21904214125789523,0.75,0.030360514298788097,0
3.3200000000000025,trot,0.64,0.4,0.39312913297905083,1.0,0.034752906597230966,0
3.3400000000000025,trot,0.68,0.4,0.2282041610695955,0.75,0.043812205772047676,0
3.3600000000000025,trot,0.7200000000000001,0.4,0.2720802737663507,0.0,0.039589068683636264,0
3.3800000000000026,trot,0.7600000000000001,0.4,0.3859199290901621,0.0,0.030669205360479426,0
3.4000000000000026,trot,0.8000000000000002,0.4,0.34193293769615263,0.5,0.031225178121243542,0
3.4200000000000026,trot,0.8400000000000002,0.4,0.22177703139616334,0.75,0.03616178226686478,0
3.4400000000000026,trot,0.8800000000000002,0.4,0.23432062756930205,0.75,0.038654349470140334,0
3.4600000000000026,trot,0.9200000000000003,0.4,0.17140207347966227,0.75,0.027392359385247964,0
3.4800000000000026,trot,0.9600000000000003,0.4,0.30462033198527594,0.5,0.04493147412936562,0
3.5000000000000027,trot,2.220446049250313e-16,0.4,0.34496103980310344,1.0,0.03754559860911679,0
3.5200000000000027,trot,0.04000000000000022,0.4,0.36449887112764595,0.75,0.0452862517851498,0
3.5400000000000027,trot,0.08000000000000022,0.4,0.28853741663499405,0.25,0.03870169532231651,0
3.5600000000000027,trot,0.12000000000000022,0.4,0.34709100995583614,0.25,0.04229996070612718,0
3.5800000000000027,trot,0.16000000000000023,0.4,0.22398798932023362,0.5,0.03592317730442298,0
3.6000000000000028,trot,0.20000000000000023,0.4,0.29806991684004985,0.75,0.034705492424455024,0
3.6200000000000028,trot,0.24000000000000024,0.4,0.3352863299029221,0.5,0.047299951449181185,0
3.640000000000003,trot,0.28000000000000025,0.4,0.39845191057264867,0.5,0.04485047688163967,0
3.660000000000003,trot,0.32000000000000023,0.4,0.3063468184827851,0.5,0.04015959832736795,0
3.680000000000003,trot,0.3600000000000002,0.4,0.2885035758699784,0.25,0.027033836867720987,0
3.700000000000003,trot,0.4000000000000002,0.4,0.15196169886828098,0.25,0.029455925748653074,0
3.720000000000003,trot,0.44000000000000017,0.4,0.18014688936545728,0.75,0.04133272876187768,0
3.740000000000003,trot,0.48000000000000015,0.4,0.3227338182086435,0.75,0.036702384988360114,0
3.760000000000003,trot,0.5200000000000001,0.4,0.3742252702951742,0.5,0.04502251656631221,0
3.780000000000003,trot,0.5600000000000002,0.4,0.4019417915472097,0.5,0.030423358422183067,0
3.800000000000003,trot,0.6000000000000002,0.4,0.3454167686195243,0.75,0.04354546332238316,0
3.820000000000003,trot,0.6400000000000002,0.4,0.31834656994526783,0.75,0.031298984246681545,0
3.840000000000003,trot,0.6800000000000003,0.4,0.3960509698236435,0.5,0.04149127530956962,0
3.860000000000003,trot,0.7200000000000003,0.4,0.40052505302240843,0.25,0.030722819541589563,0
3.880000000000003,trot,0.7600000000000003,0.4,0.5318022222760952,0.0,0.04100686151132986,0
3.900000000000003,trot,0.8000000000000004,0.4,0.4985427368308113,0.5,0.040003550458250256,0
3.920000000000003,trot,0.8400000000000004,0.4,0.3876018250000252,0.75,0.04329097506238151,0
3.940000000000003,trot,0.8800000000000004,0.4,0.3716035208494882,0.75,0.033334262374997405,0
3.960000000000003,trot,0.9200000000000005,0.4,0.397174403885223,0.5,0.03794244960067949,0
3.980000000000003,trot,0.9600000000000005,0.4,0.4349460262502509,0.25,0.04353997569477662,0
4.000000000000003,trot,4.440892098500626e-16,0.4,0.5145523704805581,0.75,0.04924329779747984,0
4.020000000000002,trot,0.040000000000000445,0.4,0.5246905830642837,0.75,0.047956735421111264,0
4.040000000000002,trot,0.08000000000000045,0.4,0.3754798669018201,0.25,0.03237954448942899,0
4.060000000000001,trot,0.12000000000000044,0.4,0.39832261405940955,0.25,0.043591226701083105,0
4.080000000000001,trot,0.16000000000000045,0.4,0.4261373107888637,0.5,0.030661722957798954,0
4.1000000000000005,trot,0.20000000000000046,0.4,0.4418260848689178,0.75,0.034976108295698596,0
4.12,trot,0.24000000000000046,0.4,0.4769641637459631,0.75,0.04269942040678907,0
4.14,trot,0.28000000000000047,0.4,0.524782446654611,0.5,0.03238044418347012,0
4.159999999999999,trot,0.32000000000000045,0.4,0.4283683979462533,0.5,0.031004805299386803,0
4.179999999999999,trot,0.36000000000000043,0.4,0.3664498276090801,0.25,0.045651329191975884,0
4.199999999999998,trot,0.4000000000000004,0.4,0.3261987963967157,0.25,0.0409803751547711,0
4.219999999999998,trot,0.4400000000000004,0.4,0.32009951772932577,0.75,0.05002415503710624,0
4.2399999999999975,trot,0.48000000000000037,0.4,0.3858026374484182,0.75,0.03547049064448967,0
4.259999999999997,trot,0.5200000000000004,0.4,0.34044716807946745,0.25,0.027489198892790306,0
4.279999999999997,trot,0.5600000000000004,0.4,0.2767990952182613,0.75,0.03907548894721586,0
4.299999999999996,trot,0.6000000000000004,0.4,0.38247522403164297,1.0,0.04510022598987084,0
4.319999999999996,trot,0.6400000000000005,0.4,0.36853094140528286,0.5,0.0321265923469365,0
4.339999999999995,trot,0.6800000000000005,0.4,0.3654214581634812,0.5,0.04345858830611925,0
4.359999999999995,trot,0.7200000000000005,0.4,0.4624436543092531,0.25,0.026994458841355932,0
4.379999999999995,trot,0.7600000000000006,0.4,0.5078921221424081,0.5,0.03112104313900627,0
4.399999999999994,trot,0.8000000000000006,0.4,0.4536602581607751,0.75,0.04115982836042023,0
4.419999999999994,trot,0.8400000000000006,0.4,0.4050104721828612,0.75,0.048890101500919325,0
4.439999999999993,trot,0.8800000000000007,0.4,0.34333195326060056,1.0,0.03773925278351885,0
4.459999999999993,trot,0.9200000000000007,0.4,0.46544366053569847,0.5,0.04041578849735138,0
4.479999999999992,trot,0.9600000000000007,0.4,0.48269794871555854,0.25,0.032703467096714955,0
4.499999999999992,trot,6.661338147750939e-16,0.4,0.5203086406034646,1.0,0.05307193279897362,0
4.519999999999992,trot,0.04000000000000067,0.4,0.5890858953053396,0.75,0.04616616271871341,0
4.539999999999991,trot,0.08000000000000067,0.4,0.454846329874285,0.25,0.027641434431391568,0
4.559999999999991,trot,0.12000000000000066,0.4,0.5078546214055499,0.0,0.027915796502231742,0
4.57999999999999,trot,0.16000000000000067,0.4,0.3584392754256794,0.5,0.04324218423076659,0
4.59999999999999,trot,0.20000000000000068,0.4,0.40739488208458313,0.75,0.04882344803111778,0
4.6199999999999894,trot,0.24000000000000069,0.4,0.5121564740971087,1.0,0.05278206337788812,0
4.639999999999989,trot,0.2800000000000007,0.4,0.4822942788328376,0.75,0.03819618639564166,0
4.659999999999989,trot,0.3200000000000007,0.4,0.33432051653233796,0.25,0.04273343936638093,0
4.679999999999988,trot,0.36000000000000065,0.4,0.46417602054172197,0.25,0.02985557499636908,0
4.699999999999988,trot,0.40000000000000063,0.4,0.416748123675078,0.5,0.04635277930568552,0
4.719999999999987,trot,0.4400000000000006,0.4,0.4283199090120285,1.0,0.04314535843766005,0
4.739999999999987,trot,0.4800000000000006,0.4,0.5328891197555292,1.0,0.05200239234483589,0
4.7599999999999865,trot,0.5200000000000006,0.4,0.5237980197072704,0.25,0.04444721894625082,0
4.779999999999986,trot,0.5600000000000006,0.4,0.3845772850279537,0.75,0.04888987227799849,0
4.799999999999986,trot,0.6000000000000006,0.4,0.40754036028549767,1.0,0.0451882426574384,0
4.819999999999985,trot,0.6400000000000007,0.4,0.35389196477335466,0.5,0.047643424791035505,0
4.839999999999985,trot,0.6800000000000007,0.4,0.4039790784238471,0.25,0.04369688968328074,0
4.859999999999984,trot,0.7200000000000008,0.4,0.4803618379735312,0.0,0.044068479115404575,0
4.879999999999984,trot,0.7600000000000008,0.4,0.5022882361822124,0.25,0.04045306310853152,0
4.8999999999999835,trot,0.8000000000000008,0.4,0.3961496945684086,0.75,0.04227436739201876,0
4.919999999999983,trot,0.8400000000000009,0.4,0.38300695546672625,0.75,0.034301049109647846,0
4.939999999999983,trot,0.8800000000000009,0.4,0.39290876756612325,0.5,0.030530163563181882,0
4.959999999999982,trot,0.9200000000000009,0.4,0.4165443537087638,0.25,0.03629990775045982,0
4.979999999999982,trot,0.960000000000001,0.4,0.458598192995082,0.0,0.04114294350209357,0
4.999999999999981,trot,8.881784197001252e-16,0.4,0.4550005299115852,0.75,0.045748533501411046,0
5.019999999999981,trot,0.04000000000000089,0.4,0.3988099153225555,0.25,0.0439480492020349,0
5.0399999999999805,trot,0.08000000000000089,0.4,0.483383068488551,0.25,0.02894107189368367,0
5.05999999999998,trot,0.12000000000000088,0.4,0.3479803121547666,0.25,0.041921996155620846,0
5.07999999999998,trot,0.1600000000000009,0.4,0.38091873693525413,0.75,0.048236282649377786,0
5.099999999999979,trot,0.2000000000000009,0.4,0.3404734302414463,1.0,0.040172887210617195,0
5.119999999999979,trot,0.2400000000000009,0.4,0.40676001998274486,0.75,0.0452866527464246,0
5.139999999999978,trot,0.2800000000000009,0.4,0.3023264915141191,0.5,0.04237170202527133,0
5.159999999999978,trot,0.3200000000000009,0.4,0.3009150229538901,0.25,0.030315078955025606,0
5.1799999999999775,trot,0.3600000000000009,0.4,0.15543212001141493,0.5,0.0360472101390296,0
5.199999999999977,trot,0.40000000000000085,0.4,0.21209434034896232,0.75,0.04129647580979826,0
5.219999999999977,trot,0.44000000000000083,0.4,0.257792419658054,1.0,0.03790093971934929,0
5.239999999999976,trot,0.4800000000000008,0.4,0.29531041382647494,0.75,0.04532700407960045,0
5.259999999999976,trot,0.5200000000000008,0.4,0.18730469549058334,0.75,0.04429285276011887,0
5.279999999999975,trot,0.5600000000000008,0.4,0.2707813483611959,0.75,0.03533256953705902,0
5.299999999999975,trot,0.6000000000000009,0.4,0.17933522864439191,0.5,0.0342354367389553,0
5.3199999999999745,trot,0.6400000000000009,0.4,0.24974657267060818,0.5,0.035340559736770256,0
5.339999999999974,trot,0.6800000000000009,0.4,0.3508557097216581,0.0,0.033108759893747806,0
5.359999999999974,trot,0.720000000000001,0.4,0.3293426378151086,0.25,0.04434361049840834,0
5.379999999999973,trot,0.760000000000001,0.4,0.20824728222595557,0.75,0.03685315076129189,0
5.399999999999973,trot,0.800000000000001,0.4,0.37177748821014434,0.75,0.033515186099657764,0
5.419999999999972,trot,0.8400000000000011,0.4,0.22187115654571282,0.5,0.03625452425834385,0
5.439999999999972,trot,0.8800000000000011,0.4,0.27366427366253293,0.0,0.040380683023222216,0
5.4599999999999715,trot,0.9200000000000012,0.4,0.3561523209413063,0.25,0.04615965040223852,0
5.479999999999971,trot,0.9600000000000012,0.4,0.3385638868722875,0.25,0.03984878973477417,0
5.499999999999971,trot,1.1102230246251565e-15,0.4,0.24473234117097578,0.25,0.03817499417963158,0
5.51999999999997,trot,0.04000000000000111,0.4,0.2834325708590292,0.0,0.02647399103415323,0
5.53999999999997,trot,0.08000000000000111,0.4,0.27000974958239954,0.5,0.02955834111904627,0
5.559999999999969,trot,0.1200000000000011,0.4,0.3148594406406373,0.75,0.03548279933397977,0
5.579999999999969,trot,0.1600000000000011,0.4,0.44879467167736004,1.0,0.053263310687183235,0
5.599999999999969,trot,0.20000000000000112,0.4,0.42414086018001973,0.75,0.03684748006134289,0
5.619999999999968,trot,0.24000000000000113,0.4,0.28733002207134445,0.25,0.042617807413832635,0
5.639999999999968,trot,0.28000000000000114,0.4,0.4090540955475261,0.25,0.030355468572079634,0
5.659999999999967,trot,0.3200000000000011,0.4,0.36068706090507296,0.5,0.03498904064633734,0
5.679999999999967,trot,0.3600000000000011,0.4,0.3911794863296419,0.75,0.04911158267839959,0
5.699999999999966,trot,0.4000000000000011,0.4,0.40778690113951443,1.0,0.05228595509062358,0
5.719999999999966,trot,0.44000000000000106,0.4,0.4656692580093601,0.75,0.04608545636204849,0
5.739999999999966,trot,0.48000000000000104,0.4,0.358098304495434,0.5,0.04673930600044668,0
5.759999999999965,trot,0.520000000000001,0.4,0.44808854877567966,0.75,0.044980233129518925,0
5.779999999999965,trot,0.560000000000001,0.4,0.29844667455812507,0.5,0.030165446167615406,0
5.799999999999964,trot,0.6000000000000011,0.4,0.3391836630754476,0.25,0.0356476164852058,0
5.819999999999964,trot,0.6400000000000011,0.4,0.4098218718066911,0.25,0.03552573304474287,0
5.839999999999963,trot,0.6800000000000012,0.4,0.4597216925156061,0.25,0.03363675567675295,0
5.859999999999963,trot,0.7200000000000012,0.4,0.334631347621319,0.5,0.04598157975025727,0
5.879999999999963,trot,0.7600000000000012,0.4,0.3962421461856727,1.0,0.04383027667926236,0
5.899999999999962,trot,0.8000000000000013,0.4,0.37056945256138085,0.75,0.032465688022648265,0
5.919999999999962,trot,0.8400000000000013,0.4,0.364643424705815,0.0,0.030206519672970278,0
5.939999999999961,trot,0.8800000000000013,0.4,0.44199827622885113,0.0,0.04382225464467528,0
5.959999999999961,trot,0.9200000000000014,0.4,0.43997554763791435,0.25,0.028216217297584972,0
5.9799999999999605,trot,0.9600000000000014,0.4,0.35529732384414087,0.75,0.04620389941079228,0
5.99999999999996,pace,0.0,0.4,0.457700885662674,0.75,0.04374518526502493,0
6.01999999999996,pace,0.04,0.4,0.4318836108980248,0.5,0.03215596726481714,0
6.039999999999959,pace,0.08,0.4,0.42370396812452005,0.5,0.03615301240032542,0
6.059999999999959,pace,0.12,0.4,0.5284693448428632,0.5,0.03752854400557924,0
6.079999999999958,pace,0.16,0.4,0.5443585257540251,0.5,0.04136555878179495,0
6.099999999999958,pace,0.2,0.4,0.542541091213373,0.75,0.030275063627874008,0
6.1199999999999575,pace,0.24000000000000002,0.4,0.4687423883576787,0.75,0.04517266844170302,0
6.139999999999957,pace,0.28,0.4,0.43264903621126083,0.5,0.035128127507070644,0
6.159999999999957,pace,0.32,0.4,0.5685419405385963,0.5,0.0320771341527074,0
6.179999999999956,pace,0.36,0.4,0.5343974980085611,0.75,0.047832443501434244,0
6.199999999999956,pace,0.39999999999999997,0.4,0.5728585642839664,0.5,0.03698610156370282,0
6.219999999999955,pace,0.43999999999999995,0.4,0.5819536933608079,0.25,0.03319405900534157,0
6.239999999999955,pace,0.4799999999999999,0.4,0.5070830822276446,0.75,0.0470533779262226,0
6.2599999999999545,pace,0.5199999999999999,0.4,0.5042560986381993,0.25,0.026744637191055506,0
6.279999999999954,pace,0.5599999999999999,0.4,0.5167637026906279,0.5,0.02796589133715011,0
6.299999999999954,pace,0.6,0.4,0.5429708517444861,0.25,0.0401796550658579,0
6.319999999999953,pace,0.64,0.4,0.6036360277463064,0.5,0.043778717395384976,0
6.339999999999953,pace,0.68,0.4,0.6387233436347876,0.75,0.04334423788587093,0
6.359999999999952,pace,0.7200000000000001,0.4,0.5250311482359843,0.5,0.03890088411560936,0
6.379999999999952,pace,0.7600000000000001,0.4,0.5563670268885066,0.25,0.026445348478188118,0
6.3999999999999515,pace,0.8000000000000002,0.4,0.397487009492795,0.5,0.03120031146246341,0
6.419999999999951,pace,0.8400000000000002,0.4,0.41726400976515515,0.5,0.043882454092679525,0
6.439999999999951,pace,0.8800000000000002,0.4,0.4976645170261364,0.5,0.037521717174632596,0
6.45999999999995,pace,0.9200000000000003,0.4,0.43076024789463346,0.5,0.040869916410254,0
6.47999999999995,pace,0.9600000000000003,0.4,0.3756145468046839,0.25,0.045766605701602396,0
6.499999999999949,pace,2.220446049250313e-16,0.4,0.4635352385731933,0.75,0.03335383778261363,0
6.519999999999949,pace,0.04000000000000022,0.4,0.28600009482138794,0.75,0.04589051356620436,0
6.5399999999999485,pace,0.08000000000000022,0.4,0.3350731612898285,0.75,0.040753462280250556,0
6.559999999999948,pace,0.12000000000000022,0.4,0.3704834162607774,0.5,0.048128785588327054,0
6.579999999999948,pace,0.16000000000000023,0.4,0.39922251388424446,0.25,0.03384885609157026,0
6.599999999999947,pace,0.20000000000000023,0.4,0.27749320891321166,0.75,0.045942884152081344,0
6.619999999999947,pace,0.24000000000000024,0.4,0.3104832123060707,0.5,0.0323127858630151,0
6.639999999999946,pace,0.28000000000000025,0.4,0.3035549280443132,0.5,0.030123917037416445,0
6.659999999999946,pace,0.32000000000000023,0.4,0.3524737346672229,0.75,0.036045543445292115,0
6.6799999999999455,pace,0.3600000000000002,0.4,0.3869027835039155,0.5,0.04134368552627834,0
6.699999999999945,pace,0.4000000000000002,0.4,0.4091470366228272,0.25,0.0363184035517591,0
6.719999999999945,pace,0.44000000000000017,0.4,0.3011206584181951,0.75,0.04498751681496816,0
6.739999999999944,pace,0.48000000000000015,0.4,0.3426565422566736,0.75,0.03450548100279253,0
6.759999999999944,pace,0.5200000000000001,0.4,0.34212177464469645,0.5,0.0344572960308681,0
6.779999999999943,pace,0.5600000000000002,0.4,0.37793579615573497,0.25,0.03905891439183361,0
6.799999999999943,pace,0.6000000000000002,0.4,0.3973326134990954,0.5,0.039398076310015705,0
6.8199999999999426,pace,0.6400000000000002,0.4,0.41741681895938304,0.75,0.03944513757143796,0
6.839999999999942,pace,0.6800000000000003,0.4,0.3112748780041658,0.25,0.03934469173310809,0
6.859999999999942,pace,0.7200000000000003,0.4,0.33899280393066183,0.25,0.02974853448325844,0
6.879999999999941,pace,0.7600000000000003,0.4,0.4913062454331248,0.5,0.04442775513547134,0
6.899999999999941,pace,0.8000000000000004,0.4,0.48575841600651476,0.25,0.0444119376300151,0
6.91999999999994,pace,0.8400000000000004,0.4,0.46968601549380834,0.5,0.040939198058786055,0
6.93999999999994,pace,0.8800000000000004,0.4,0.5051201591284906,0.75,0.041830589090417494,0
6.95999999999994,pace,0.9200000000000005,0.4,0.398909066199466,0.25,0.04091065925859572,0
6.979999999999939,pace,0.9600000000000005,0.4,0.3792681351730604,0.5,0.030764030895562993,0
6.999999999999939,pace,4.440892098500626e-16,0.4,0.39216262318721123,0.5,0.03129262797241866,0
7.019999999999938,pace,0.040000000000000445,0.4,0.4339133875736773,0.75,0.043867538029980925,0
7.039999999999938,pace,0.08000000000000045,0.4,0.5211478815520553,0.5,0.041407914113269544,0
7.059999999999937,pace,0.12000000000000044,0.4,0.4704341424961017,0.5,0.03714052425814456,0
7.079999999999937,pace,0.16000000000000045,0.4,0.3795584192742106,0.25,0.04297447895273592,0
7.099999999999937,pace,0.20000000000000046,0.4,0.40514580235783315,0.75,0.032980951124402094,0
7.119999999999936,pace,0.24000000000000046,0.4,0.33578651517623576,0.75,0.04714692514532647,0
7.139999999999936,pace,0.28000000000000047,0.4,0.33809725947432245,0.75,0.045581211861018905,0
7.159999999999935,pace,0.32000000000000045,0.4,0.4156270210513626,0.75,0.038938677348044626,0
7.179999999999935,pace,0.36000000000000043,0.4,0.34296575151351943,0.75,0.03212237962177694,0
7.1999999999999345,pace,0.4000000000000004,0.4,0.28331975979144075,0.5,0.042226621527266264,0
7.219999999999934,pace,0.4400000000000004,0.4,0.3455356445169651,0.5,0.0297874493414791,0
7.239999999999934,pace,0.48000000000000037,0.4,0.1793910109728822,0.5,0.03416133282185748,0
7.259999999999933,pace,0.5200000000000004,0.4,0.2505994187271966,0.25,0.039847382149595635,0
7.279999999999933,pace,0.5600000000000004,0.4,0.2330293996640214,0.5,0.03084465613596736,0
7.299999999999932,pace,0.6000000000000004,0.4,0.2843138152784573,0.75,0.030442988841607548,0
7.319999999999932,pace,0.6400000000000005,0.4,0.15303786063649802,0.25,0.018226461310351594,0
7.3399999999999315,pace,0.6800000000000005,0.4,0.14232390483522575,0.5,0.02240869674352012,0
7.359999999999931,pace,0.7200000000000005,0.4,0.20138733659825392,0.5,0.024712304524115863,0
7.379999999999931,pace,0.7600000000000006,0.4,0.26285458955521257,0.5,0.04398027571897485,0
7.39999999999993,pace,0.8000000000000006,0.4,0.29875013090078933,0.5,0.04224906339879896,0
7.41999999999993,pace,0.8400000000000006,0.4,0.3129948414060025,0.25,0.02821764911350437,0
7.439999999999929,pace,0.8800000000000007,0.4,0.28773884703091573,0.25,0.021841835281034193,0
7.459999999999929,pace,0.9200000000000007,0.4,0.32723401863575236,0.25,0.027027394835837572,0
7.4799999999999285,pace,0.9600000000000007,0.4,0.28958486571062225,0.5,0.030226032604332112,0
7.499999999999928,pace,6.661338147750939e-16,0.4,0.3033545337219106,0.5,0.047221053409288026,0
7.519999999999928,pace,0.04000000000000067,0.4,0.415755220977129,0.5,0.03803890859943119,0
7.539999999999927,pace,0.08000000000000067,0.4,0.41166732713570603,0.25,0.037212488474892676,0
7.559999999999927,pace,0.12000000000000066,0.4,0.27513424407944154,0.75,0.029412415303629744,0
7.579999999999926,pace,0.16000000000000067,0.4,0.3319310834495989,0.5,0.035065925067736974,0
7.599999999999926,pace,0.20000000000000068,0.4,0.22004898202080553,0.5,0.04360771227086712,0
7.6199999999999255,pace,0.24000000000000069,0.4,0.28127804805433804,0.5,0.04472283565224996,0
7.639999999999925,pace,0.2800000000000007,0.4,0.41079570667386356,0.5,0.04491725980253965,0
7.659999999999925,pace,0.3200000000000007,0.4,0.4077732247439699,0.25,0.03254167042830935,0
7.679999999999924,pace,0.36000000000000065,0.4,0.25890183950906315,0.75,0.046041163273949255,0
7.699999999999924,pace,0.40000000000000063,0.4,0.3430729724031184,0.75,0.03585530324925751,0
7.719999999999923,pace,0.4400000000000006,0.4,0.455600646295985,0.5,0.04075175655852727,0
7.739999999999923,pace,0.4800000000000006,0.4,0.4415546034597682,0.5,0.046488423667548226,0
7.7599999999999225,pace,0.5200000000000006,0.4,0.5484448626137438,0.5,0.03291800588824374,0
7.779999999999922,pace,0.5600000000000006,0.4,0.5260684508777835,0.5,0.03455248861581259,0
7.799999999999922,pace,0.6000000000000006,0.4,0.4654089788983535,0.25,0.04221231188695041,0
7.819999999999921,pace,0.6400000000000007,0.4,0.5129722957619185,0.75,0.04822396061267849,0
7.839999999999921,pace,0.6800000000000007,0.4,0.37440692930497427,0.5,0.04138608249419042,0
7.85999999999992,pace,0.7200000000000008,0.4,0.4225211941872889,0.5,0.046206889721608004,0
7.87999999999992,pace,0.7600000000000008,0.4,0.5368487680090726,0.5,0.040357974455211616,0
7.8999999999999195,pace,0.8000000000000008,0.4,0.5046057504319942,0.75,0.03821684542060034,0
7.919999999999919,pace,0.8400000000000009,0.4,0.34482379238297706,0.25,0.042812675932989076,0
7.939999999999919,pace,0.8800000000000009,0.4,0.46508666876746896,0.25,0.033314727123793186,0
7.959999999999918,pace,0.9200000000000009,0.4,0.3825287878399235,0.5,0.03604885963146801,0
7.979999999999918,pace,0.960000000000001,0.4,0.4182742756388422,0.25,0.035606444368978474,0
7.999999999999917,pace,8.881784197001252e-16,0.4,0.48236050023473453,0.5,0.04790491538191489,0
8.019999999999918,pace,0.04000000000000089,0.4,0.5107099371392176,0.25,0.04505791777081239,0
8.039999999999917,pace,0.08000000000000089,0.4,0.3822236237157131,0.75,0.048112374334030455,0
8.059999999999917,pace,0.12000000000000088,0.4,0.44998621084589857,0.75,0.03664450872541205,0
8.079999999999917,pace,0.1600000000000009,0.4,0.3075836230778949,0.5,0.04389342748097638,0
8.099999999999916,pace,0.2000000000000009,0.4,0.3681399268315816,0.75,0.04564303848528597,0
8.119999999999916,pace,0.2400000000000009,0.4,0.46552825516612273,0.75,0.05132572974182005,0
8.139999999999915,pace,0.2800000000000009,0.4,0.4348199670097276,0.25,0.04298318559482371,0
8.159999999999915,pace,0.3200000000000009,0.4,0.3062846284500366,0.75,0.034490469579199684,0
8.179999999999914,pace,0.3600000000000009,0.4,0.46244306395483264,0.75,0.033943318806893996,0
8.199999999999914,pace,0.40000000000000085,0.4,0.3239421880836795,0.25,0.026468261497623786,0
8.219999999999914,pace,0.44000000000000083,0.4,0.3328736199870186,0.5,0.04272159420398884,0
8.239999999999913,pace,0.4800000000000008,0.4,0.44433988552921916,0.5,0.03534300629976209,0
8.259999999999913,pace,0.5200000000000008,0.4,0.4436873972971576,0.75,0.04704921257412156,0
8.279999999999912,pace,0.5600000000000008,0.4,0.3154661474216862,0.25,0.034453955419150244,0
8.299999999999912,pace,0.6000000000000009,0.4,0.36764529616284,0.75,0.0314069823244783,0
8.319999999999911,pace,0.6400000000000009,0.4,0.2214683545565238,0.5,0.025723619045582957,0
8.339999999999911,pace,0.6800000000000009,0.4,0.25978156888002035,0.5,0.031091163695710095,0
8.35999999999991,pace,0.720000000000001,0.4,0.35503004538106153,0.75,0.03446083165287259,0
8.37999999999991,pace,0.760000000000001,0.4,0.3522978632879292,0.75,0.043638952842263386,0
8.39999999999991,pace,0.800000000000001,0.4,0.2300099927554283,0.5,0.02998031522657259,0
8.41999999999991,pace,0.8400000000000011,0.4,0.23305517118095778,0.5,0.026239194636745938,0
8.439999999999909,pace,0.8800000000000011,0.4,0.11146222392295047,0.5,0.02176277727892149,0
8.459999999999908,pace,0.9200000000000012,0.4,0.1624932581309923,0.5,0.02725639759788765,0
8.479999999999908,pace,0.9600000000000012,0.4,0.29270399582498824,0.5,0.031818862962156816,0
8.499999999999908,pace,1.1102230246251565e-15,0.4,0.31236857219121816,0.25,0.04046777733465958,0
8.519999999999907,pace,0.04000000000000111,0.4,0.18558253671349556,0.75,0.03686729537575973,0
8.539999999999907,pace,0.08000000000000111,0.4,0.25646414462035444,0.5,0.03349646021040909,0
8.559999999999906,pace,0.1200000000000011,0.4,0.1372484209006451,0.75,0.02812581936188221,0
8.579999999999906,pace,0.1600000000000011,0.4,0.19231596569046497,0.5,0.02837440313828459,0
8.599999999999905,pace,0.20000000000000112,0.4,0.3047691578395304,0.5,0.035614099096688244,0
8.619999999999905,pace,0.24000000000000113,0.4,0.3319783312089711,0.25,0.03889318268270171,0
8.639999999999905,pace,0.28000000000000114,0.4,0.21687777778652595,0.75,0.036025189333980585,0
8.659999999999904,pace,0.3200000000000011,0.4,0.24309264503461198,0.5,0.02946439226837472,0
8.679999999999904,pace,0.3600000000000011,0.4,0.2709083499441242,0.75,0.03080373595850134,0
8.699999999999903,pace,0.4000000000000011,0.4,0.29591062415231323,0.25,0.03956251346775136,0
8.719999999999903,pace,0.44000000000000106,0.4,0.408613349206013,0.5,0.040660547629083464,0
8.739999999999903,pace,0.48000000000000104,0.4,0.38914260545741036,0.5,0.0356812769693147,0
8.759999999999902,pace,0.520000000000001,0.4,0.3714687730686632,0.5,0.031783174547087574,0
8.779999999999902,pace,0.560000000000001,0.4,0.38715505983504617,0.5,0.03407384782819056,0
8.799999999999901,pace,0.6000000000000011,0.4,0.40196278045484984,0.5,0.046840927167951386,0
8.8199999999999,pace,0.6400000000000011,0.4,0.4076257342540478,0.5,0.045503016570270845,0
8.8399999999999,pace,0.6800000000000012,0.4,0.533235911123811,0.5,0.03186990528478591,0
8.8599999999999,pace,0.7200000000000012,0.4,0.5600575655427733,0.5,0.04406403603131528,0
8.8799999999999,pace,0.7600000000000012,0.4,0.47373741041020534,0.25,0.03490048250044054,0
8.899999999999899,pace,0.8000000000000013,0.4,0.48050698957938043,0.5,0.045088450698767484,0
8.919999999999899,pace,0.8400000000000013,0.4,0.4221211683081323,0.75,0.03717551348924047,0
8.939999999999898,pace,0.8800000000000013,0.4,0.5502636595130695,0.5,0.04172506410751614,0
8.959999999999898,pace,0.9200000000000014,0.4,0.5978024978189279,0.75,0.04687862723294323,0
8.979999999999897,pace,0.9600000000000014,0.4,0.5719813776917997,0.5,0.03219453349107472,0
